participant_id,exercise_type,user_weight_kg,user_height_cm,user_age,user_gender,duration_sec,total_reps,valid_reps,invalid_reps,valid_rep_ratio,avg_rom_deg,rep_velocity,peak_angular_velocity,rom_completeness_ratio,torso_inclination_angle,rep_cadence_variance,k_base_kcal,target_multiplier_m,target_kcal
ATHLETE_001,jumping_jack,71.9,197.5,60,female,24.5,10,8,2,0.8,103.5,24.46,205.4,0.863,15.4,0.26,3.389,1.1081,3.755
ATHLETE_001,pushup,71.9,197.5,60,female,84.1,32,22,10,0.688,89.5,22.84,174.4,0.814,95.0,0.078,11.615,0.9976,11.587
ATHLETE_001,jumping_jack,71.9,197.5,60,female,236.3,86,69,17,0.802,104.5,21.84,290.8,0.871,3.8,0.05,32.648,1.2276,40.078
ATHLETE_001,squat,71.9,197.5,60,female,170.5,62,42,20,0.677,95.7,21.81,223.6,0.87,18.2,0.38,19.143,1.1438,21.896
ATHLETE_001,squat,71.9,197.5,60,female,113.5,37,28,9,0.757,68.6,19.55,187.3,0.623,21.4,0.138,12.745,0.9713,12.379
ATHLETE_001,squat,71.9,197.5,60,female,63.1,19,13,6,0.684,80.1,18.06,198.6,0.728,16.3,0.115,7.085,1.0218,7.239
ATHLETE_001,pushup,71.9,197.5,60,female,51.0,21,14,7,0.667,114.1,24.7,254.9,1.037,92.2,0.05,7.047,1.2758,8.99
ATHLETE_001,jumping_jack,71.9,197.5,60,female,163.2,70,56,14,0.8,97.9,25.73,219.9,0.816,31.8,0.384,22.552,1.1361,25.623
ATHLETE_001,squat,71.9,197.5,60,female,215.2,79,54,25,0.684,120.6,22.03,251.7,1.096,32.0,0.238,24.155,1.2638,30.527
ATHLETE_001,pushup,71.9,197.5,60,female,176.3,55,40,15,0.727,107.0,18.71,219.8,0.973,95.0,0.416,24.364,1.1169,27.212
ATHLETE_001,pushup,71.9,197.5,60,female,74.8,26,20,6,0.769,91.2,20.84,206.3,0.829,92.3,0.57,10.34,1.0927,11.299
ATHLETE_001,squat,71.9,197.5,60,female,214.3,74,50,24,0.676,116.4,20.72,214.9,1.059,26.8,0.05,24.058,1.1316,27.225
ATHLETE_001,pushup,71.9,197.5,60,female,209.4,62,46,16,0.742,81.1,17.77,209.1,0.738,82.3,1.002,28.925,1.0189,29.472
ATHLETE_001,squat,71.9,197.5,60,female,68.1,26,19,7,0.731,104.2,22.9,222.9,0.948,26.5,0.436,7.648,1.1522,8.812
ATHLETE_001,pushup,71.9,197.5,60,female,82.7,25,19,6,0.76,93.6,18.15,223.9,0.851,88.8,0.096,11.421,1.1077,12.65
ATHLETE_001,squat,71.9,197.5,60,female,136.8,49,37,12,0.755,91.9,21.49,229.7,0.836,9.4,0.569,15.357,1.1352,17.433
ATHLETE_001,pushup,71.9,197.5,60,female,159.1,62,46,16,0.742,88.2,23.38,204.0,0.801,85.8,0.396,21.982,1.0761,23.654
ATHLETE_001,jumping_jack,71.9,197.5,60,female,176.5,73,52,21,0.712,121.7,24.82,137.4,1.014,23.9,0.465,24.378,1.0036,24.466
ATHLETE_001,squat,71.9,197.5,60,female,223.4,95,67,28,0.705,121.7,25.51,242.2,1.107,30.9,0.097,25.081,1.3614,34.146
ATHLETE_001,squat,71.9,197.5,60,female,217.4,94,72,22,0.766,84.1,25.94,177.6,0.764,24.2,0.763,24.402,1.0374,25.314
ATHLETE_001,pushup,71.9,197.5,60,female,161.2,50,34,16,0.68,108.2,18.61,253.5,0.984,86.4,0.412,22.278,1.1576,25.788
ATHLETE_001,pushup,71.9,197.5,60,female,69.3,28,19,9,0.679,123.6,24.23,195.1,1.124,92.7,0.375,9.58,1.1683,11.192
ATHLETE_001,pushup,71.9,197.5,60,female,139.4,52,40,12,0.769,113.4,22.39,171.4,1.031,84.9,0.828,19.254,1.0754,20.705
ATHLETE_001,jumping_jack,71.9,197.5,60,female,194.9,72,54,18,0.75,88.7,22.17,222.6,0.739,12.3,0.05,26.921,1.1275,30.353
ATHLETE_001,pushup,71.9,197.5,60,female,29.6,13,9,4,0.692,114.5,26.36,211.6,1.041,89.8,0.297,4.088,1.1527,4.713
ATHLETE_001,pushup,71.9,197.5,60,female,36.6,12,8,4,0.667,102.7,19.68,162.6,0.933,74.3,0.651,5.053,0.9473,4.787
ATHLETE_001,jumping_jack,71.9,197.5,60,female,145.4,45,34,11,0.756,133.0,18.57,225.6,1.109,27.0,0.424,20.09,1.228,24.671
ATHLETE_001,jumping_jack,71.9,197.5,60,female,84.6,35,27,8,0.771,123.3,24.83,358.7,1.027,24.6,0.424,11.687,1.3042,15.242
ATHLETE_001,squat,71.9,197.5,60,female,215.8,75,54,21,0.72,107.2,20.85,193.9,0.975,19.7,0.274,24.224,1.0781,26.115
ATHLETE_001,pushup,71.9,197.5,60,female,204.6,87,61,26,0.701,71.6,25.52,238.7,0.651,80.7,1.176,28.262,1.1531,32.589
ATHLETE_001,jumping_jack,71.9,197.5,60,female,38.8,11,8,3,0.727,152.6,17.02,246.0,1.272,3.8,0.555,5.357,1.2555,6.726
ATHLETE_001,jumping_jack,71.9,197.5,60,female,115.4,47,33,14,0.702,146.1,24.44,200.1,1.217,7.6,0.05,15.94,1.1944,19.038
ATHLETE_001,pushup,71.9,197.5,60,female,165.2,56,45,11,0.804,110.7,20.33,281.6,1.007,74.4,0.1,22.83,1.2785,29.187
ATHLETE_001,jumping_jack,71.9,197.5,60,female,186.7,56,38,18,0.679,122.0,17.99,250.9,1.017,12.6,0.237,25.798,1.1898,30.695
ATHLETE_001,jumping_jack,71.9,197.5,60,female,96.2,35,27,8,0.771,108.2,21.83,242.2,0.901,45.5,0.403,13.289,1.2071,16.041
ATHLETE_001,jumping_jack,71.9,197.5,60,female,227.7,97,74,23,0.763,124.9,25.56,260.0,1.041,11.7,0.583,31.463,1.2904,40.599
ATHLETE_001,jumping_jack,71.9,197.5,60,female,227.1,80,65,15,0.812,105.2,21.13,231.1,0.877,27.1,0.05,31.379,1.1641,36.529
ATHLETE_001,squat,71.9,197.5,60,female,77.4,28,21,7,0.75,113.2,21.72,217.4,1.029,19.3,1.2,8.683,1.1701,10.16
ATHLETE_001,squat,71.9,197.5,60,female,113.2,43,32,11,0.744,94.3,22.8,237.2,0.858,23.9,0.706,12.703,1.1503,14.612
ATHLETE_001,pushup,71.9,197.5,60,female,72.5,28,22,6,0.786,94.2,23.18,176.8,0.856,82.4,0.173,10.015,1.1065,11.082
ATHLETE_002,jumping_jack,67.8,155.0,53,female,128.5,48,24,24,0.5,134.2,22.42,349.2,1.119,17.3,0.935,14.518,1.236,17.944
ATHLETE_002,squat,67.8,155.0,53,female,32.7,15,8,7,0.533,99.4,27.55,302.3,0.904,24.9,0.05,2.999,1.2433,3.729
ATHLETE_002,jumping_jack,67.8,155.0,53,female,113.7,46,25,21,0.543,85.5,24.27,277.0,0.713,28.5,0.743,12.854,1.1261,14.475
ATHLETE_002,pushup,67.8,155.0,53,female,228.4,124,73,51,0.589,92.6,32.58,266.7,0.842,87.5,0.193,25.811,1.2571,32.447
ATHLETE_002,squat,67.8,155.0,53,female,92.7,41,21,20,0.512,128.3,26.55,207.2,1.167,26.8,0.606,8.508,1.2125,10.315
ATHLETE_002,jumping_jack,67.8,155.0,53,female,184.1,86,52,34,0.605,88.0,28.02,244.7,0.733,17.3,1.156,20.808,1.1805,24.564
ATHLETE_002,pushup,67.8,155.0,53,female,233.4,87,52,35,0.598,108.2,22.37,274.6,0.984,85.8,1.2,26.373,1.1857,31.272
ATHLETE_002,squat,67.8,155.0,53,female,56.6,22,11,11,0.5,128.2,23.33,249.6,1.166,18.9,0.05,5.194,1.2385,6.433
ATHLETE_002,pushup,67.8,155.0,53,female,81.0,32,17,15,0.531,121.5,23.7,210.8,1.105,69.7,0.588,9.156,1.1729,10.739
ATHLETE_002,pushup,67.8,155.0,53,female,49.3,18,11,7,0.611,132.3,21.91,213.6,1.203,86.1,0.063,5.571,1.226,6.831
ATHLETE_002,pushup,67.8,155.0,53,female,191.1,86,53,33,0.616,127.1,27.01,250.5,1.156,94.2,0.295,21.593,1.2984,28.035
ATHLETE_002,pushup,67.8,155.0,53,female,123.1,54,28,26,0.519,104.6,26.32,275.8,0.951,81.4,0.21,13.913,1.2279,17.083
ATHLETE_002,squat,67.8,155.0,53,female,75.3,31,16,15,0.516,110.0,24.7,291.5,1.0,20.0,0.226,6.916,1.2043,8.328
ATHLETE_002,jumping_jack,67.8,155.0,53,female,134.4,70,39,31,0.557,132.5,31.24,280.0,1.104,11.8,0.05,15.192,1.2985,19.728
ATHLETE_002,jumping_jack,67.8,155.0,53,female,192.6,92,54,38,0.587,118.2,28.66,302.3,0.985,20.4,0.354,21.768,1.2646,27.527
ATHLETE_002,jumping_jack,67.8,155.0,53,female,116.2,61,33,28,0.541,141.0,31.49,276.8,1.175,33.0,0.694,13.137,1.2902,16.949
ATHLETE_002,pushup,67.8,155.0,53,female,195.2,87,52,35,0.598,106.6,26.74,257.3,0.969,75.8,0.303,22.062,1.2233,26.989
ATHLETE_002,jumping_jack,67.8,155.0,53,female,36.7,14,7,7,0.5,94.2,22.89,291.3,0.785,26.0,0.225,4.146,1.1188,4.639
ATHLETE_002,pushup,67.8,155.0,53,female,234.1,111,58,53,0.523,96.2,28.45,310.8,0.875,83.1,0.278,26.454,1.2042,31.857
ATHLETE_002,pushup,67.8,155.0,53,female,121.4,48,26,22,0.542,136.9,23.73,275.4,1.245,79.4,0.724,13.716,1.2825,17.591
ATHLETE_002,jumping_jack,67.8,155.0,53,female,103.0,37,22,15,0.595,117.3,21.55,247.1,0.977,20.2,0.902,11.64,1.202,13.991
ATHLETE_002,squat,67.8,155.0,53,female,156.0,67,37,30,0.552,118.5,25.77,239.6,1.078,20.2,0.266,14.325,1.2805,18.343
ATHLETE_002,pushup,67.8,155.0,53,female,210.8,90,49,41,0.544,109.3,25.62,257.1,0.994,87.1,0.643,23.821,1.1946,28.455
ATHLETE_002,squat,67.8,155.0,53,female,92.0,35,21,14,0.6,132.3,22.81,305.1,1.203,19.9,0.05,8.452,1.3183,11.142
ATHLETE_002,jumping_jack,67.8,155.0,53,female,182.1,85,48,37,0.565,77.9,28.01,311.6,0.649,25.7,0.327,20.579,1.1268,23.189
ATHLETE_002,jumping_jack,67.8,155.0,53,female,98.3,53,30,23,0.566,107.5,32.34,265.8,0.896,16.3,0.061,11.113,1.2198,13.556
ATHLETE_002,jumping_jack,67.8,155.0,53,female,39.3,20,10,10,0.5,128.4,30.51,279.3,1.07,34.4,0.602,4.445,1.2799,5.689
ATHLETE_002,squat,67.8,155.0,53,female,142.5,66,35,31,0.53,93.6,27.79,294.2,0.851,13.9,0.248,13.083,1.1508,15.056
ATHLETE_002,pushup,67.8,155.0,53,female,136.6,67,39,28,0.582,104.7,29.44,243.5,0.952,83.4,0.315,15.433,1.2649,19.522
ATHLETE_002,squat,67.8,155.0,53,female,94.1,36,18,18,0.5,94.6,22.97,300.8,0.86,28.9,0.317,8.636,1.1681,10.088
ATHLETE_002,squat,67.8,155.0,53,female,110.6,47,28,19,0.596,110.6,25.5,253.1,1.006,20.7,0.299,10.156,1.2353,12.546
ATHLETE_002,pushup,67.8,155.0,53,female,50.7,25,13,12,0.52,99.2,29.56,263.0,0.902,89.3,0.259,5.735,1.2499,7.168
ATHLETE_002,pushup,67.8,155.0,53,female,213.0,93,55,38,0.591,70.9,26.2,238.9,0.644,70.0,0.482,24.069,1.1116,26.755
ATHLETE_002,jumping_jack,67.8,155.0,53,female,147.0,63,34,29,0.54,100.6,25.71,276.1,0.838,21.9,0.198,16.618,1.1378,18.908
ATHLETE_002,jumping_jack,67.8,155.0,53,female,158.1,67,34,33,0.507,123.2,25.43,317.9,1.026,27.7,0.544,17.866,1.23,21.976
ATHLETE_002,squat,67.8,155.0,53,female,185.5,91,54,37,0.593,98.7,29.43,259.3,0.897,19.6,0.492,17.035,1.2817,21.834
ATHLETE_002,squat,67.8,155.0,53,female,200.7,77,46,31,0.597,100.0,23.02,239.9,0.91,16.4,0.091,18.426,1.1943,22.007
ATHLETE_002,pushup,67.8,155.0,53,female,178.4,86,50,36,0.581,77.6,28.92,284.0,0.705,76.5,0.837,20.162,1.1513,23.211
ATHLETE_002,squat,67.8,155.0,53,female,70.0,31,16,15,0.516,117.1,26.56,281.6,1.064,26.9,0.315,6.429,1.2291,7.902
ATHLETE_002,pushup,67.8,155.0,53,female,222.9,110,57,53,0.518,135.6,29.6,321.3,1.232,95.0,0.953,25.195,1.3132,33.085
ATHLETE_003,pushup,101.1,172.5,63,male,65.2,33,27,6,0.818,101.0,30.36,244.7,0.918,72.6,0.877,10.744,1.2214,13.122
ATHLETE_003,jumping_jack,101.1,172.5,63,male,27.2,14,10,4,0.714,92.5,30.85,287.6,0.771,14.3,0.087,4.485,1.2424,5.572
ATHLETE_003,squat,101.1,172.5,63,male,166.0,66,58,8,0.879,100.1,23.86,239.1,0.91,40.6,0.05,22.213,1.2456,27.669
ATHLETE_003,jumping_jack,101.1,172.5,63,male,113.9,59,46,13,0.78,154.6,31.08,257.8,1.288,28.7,0.31,18.76,1.3757,25.809
ATHLETE_003,pushup,101.1,172.5,63,male,190.6,86,70,16,0.814,70.2,27.07,234.5,0.638,75.6,0.07,31.398,1.1578,36.351
ATHLETE_003,pushup,101.1,172.5,63,male,36.6,18,13,5,0.722,105.5,29.5,311.2,0.96,94.8,0.103,6.03,1.2285,7.408
ATHLETE_003,jumping_jack,101.1,172.5,63,male,167.8,62,46,16,0.742,104.6,22.17,295.0,0.871,10.2,0.05,27.642,1.2094,33.431
ATHLETE_003,squat,101.1,172.5,63,male,152.7,79,70,9,0.886,76.6,31.04,246.4,0.696,21.8,0.466,20.437,1.2083,24.693
ATHLETE_003,pushup,101.1,172.5,63,male,25.8,10,8,2,0.8,119.7,23.22,271.4,1.089,80.8,0.105,4.256,1.3141,5.592
ATHLETE_003,squat,101.1,172.5,63,male,99.9,37,32,5,0.865,124.1,22.23,254.4,1.128,27.6,0.087,13.366,1.2946,17.303
ATHLETE_003,squat,101.1,172.5,63,male,188.0,74,64,10,0.865,120.5,23.62,276.8,1.096,17.3,0.05,25.16,1.3414,33.749
ATHLETE_003,squat,101.1,172.5,63,male,183.2,91,72,19,0.791,114.7,29.81,235.9,1.043,11.6,0.808,24.514,1.313,32.187
ATHLETE_003,squat,101.1,172.5,63,male,79.9,29,25,4,0.862,107.7,21.78,243.6,0.979,23.3,0.369,10.694,1.2058,12.895
ATHLETE_003,squat,101.1,172.5,63,male,178.4,69,51,18,0.739,89.7,23.2,246.0,0.815,12.7,0.351,23.882,1.2019,28.703
ATHLETE_003,pushup,101.1,172.5,63,male,58.6,31,24,7,0.774,110.8,31.75,194.9,1.008,82.2,0.323,9.649,1.1923,11.505
ATHLETE_003,squat,101.1,172.5,63,male,35.0,18,14,4,0.778,108.3,30.84,293.0,0.985,24.3,0.177,4.686,1.3125,6.151
ATHLETE_003,squat,101.1,172.5,63,male,49.7,22,16,6,0.727,84.2,26.56,283.0,0.765,21.9,1.087,6.651,1.197,7.962
ATHLETE_003,jumping_jack,101.1,172.5,63,male,93.5,48,35,13,0.729,117.2,30.79,266.2,0.977,35.8,0.2,15.407,1.2952,19.955
ATHLETE_003,jumping_jack,101.1,172.5,63,male,36.7,14,10,4,0.714,108.5,22.88,254.8,0.904,25.3,0.258,6.046,1.2289,7.43
ATHLETE_003,squat,101.1,172.5,63,male,230.8,117,97,20,0.829,117.8,30.42,310.4,1.071,20.3,0.818,30.888,1.3509,41.726
ATHLETE_003,jumping_jack,101.1,172.5,63,male,172.5,65,54,11,0.831,115.9,22.61,259.2,0.966,4.4,0.05,28.413,1.2382,35.182
ATHLETE_003,jumping_jack,101.1,172.5,63,male,85.4,46,40,6,0.87,113.3,32.31,301.7,0.944,20.2,0.135,14.07,1.3137,18.483
ATHLETE_003,squat,101.1,172.5,63,male,161.8,79,62,17,0.785,90.4,29.3,373.8,0.822,20.6,0.204,21.654,1.2711,27.524
ATHLETE_003,jumping_jack,101.1,172.5,63,male,34.4,14,11,3,0.786,102.3,24.43,314.4,0.852,26.9,0.335,5.663,1.221,6.914
ATHLETE_003,squat,101.1,172.5,63,male,111.9,51,45,6,0.882,115.1,27.36,271.9,1.046,19.8,0.304,14.969,1.313,19.655
ATHLETE_003,jumping_jack,101.1,172.5,63,male,107.6,41,32,9,0.78,145.3,22.86,283.8,1.211,19.9,0.123,17.727,1.3142,23.297
ATHLETE_003,squat,101.1,172.5,63,male,85.2,35,25,10,0.714,72.6,24.65,235.6,0.66,11.4,1.048,11.401,1.1414,13.013
ATHLETE_003,pushup,101.1,172.5,63,male,77.0,36,32,4,0.889,108.5,28.06,310.4,0.987,84.2,0.18,12.679,1.3157,16.682
ATHLETE_003,pushup,101.1,172.5,63,male,162.9,78,63,15,0.808,94.0,28.73,259.3,0.854,80.0,0.529,26.836,1.2429,33.356
ATHLETE_003,squat,101.1,172.5,63,male,196.2,95,72,23,0.758,143.0,29.06,294.3,1.3,6.4,0.253,26.254,1.3777,36.171
ATHLETE_003,squat,101.1,172.5,63,male,173.1,69,59,10,0.855,92.9,23.91,253.3,0.844,38.9,0.304,23.17,1.2426,28.79
ATHLETE_003,squat,101.1,172.5,63,male,120.6,53,40,13,0.755,94.5,26.36,276.8,0.859,24.1,0.465,16.145,1.2227,19.74
ATHLETE_003,squat,101.1,172.5,63,male,109.9,48,36,12,0.75,104.0,26.22,340.7,0.945,15.9,0.667,14.703,1.2608,18.538
ATHLETE_003,pushup,101.1,172.5,63,male,125.7,60,51,9,0.85,126.3,28.63,238.3,1.149,71.9,0.738,20.71,1.3774,28.526
ATHLETE_003,jumping_jack,101.1,172.5,63,male,211.0,87,65,22,0.747,105.6,24.74,244.6,0.88,22.5,0.073,34.754,1.2038,41.837
ATHLETE_003,pushup,101.1,172.5,63,male,213.8,113,82,31,0.726,101.7,31.71,283.0,0.925,94.7,0.061,35.215,1.2564,44.242
ATHLETE_003,squat,101.1,172.5,63,male,203.1,94,68,26,0.723,118.0,27.77,225.7,1.073,20.2,0.105,27.177,1.2704,34.525
ATHLETE_003,pushup,101.1,172.5,63,male,191.6,74,63,11,0.851,113.4,23.18,279.6,1.031,94.7,0.941,31.554,1.2401,39.129
ATHLETE_003,pushup,101.1,172.5,63,male,193.5,77,65,12,0.844,116.9,23.87,312.1,1.063,79.4,0.05,31.879,1.292,41.187
ATHLETE_003,squat,101.1,172.5,63,male,211.7,116,103,13,0.888,95.3,32.87,291.1,0.866,32.5,0.402,28.337,1.2865,36.457
ATHLETE_004,squat,75.6,163.7,46,female,190.0,56,33,23,0.589,74.0,17.68,179.8,0.673,29.3,0.479,19.847,0.9063,17.987
ATHLETE_004,jumping_jack,75.6,163.7,46,female,26.8,9,5,4,0.556,112.5,20.11,238.8,0.938,22.7,0.516,3.451,1.1691,4.035
ATHLETE_004,squat,75.6,163.7,46,female,136.7,36,25,11,0.694,113.0,15.8,190.7,1.027,33.1,0.1,14.276,1.083,15.46
ATHLETE_004,pushup,75.6,163.7,46,female,64.1,21,12,9,0.571,78.2,19.65,219.4,0.711,79.9,0.213,8.242,1.0597,8.734
ATHLETE_004,pushup,75.6,163.7,46,female,35.9,11,7,4,0.636,78.4,18.36,226.3,0.712,91.3,0.53,4.62,1.0652,4.921
ATHLETE_004,jumping_jack,75.6,163.7,46,female,125.7,35,21,14,0.6,156.0,16.7,198.9,1.3,24.2,0.05,16.16,1.1533,18.638
ATHLETE_004,pushup,75.6,163.7,46,female,133.9,37,23,14,0.622,88.0,16.58,189.8,0.8,95.0,0.564,17.212,0.9918,17.071
ATHLETE_004,squat,75.6,163.7,46,female,29.1,10,7,3,0.7,132.6,20.65,248.1,1.205,7.7,0.958,3.035,1.3022,3.953
ATHLETE_004,squat,75.6,163.7,46,female,157.6,58,38,20,0.655,139.4,22.09,192.5,1.267,37.2,0.536,16.457,1.1791,19.405
ATHLETE_004,jumping_jack,75.6,163.7,46,female,161.6,54,37,17,0.685,102.3,20.05,182.7,0.852,17.4,1.2,20.772,1.0217,21.222
ATHLETE_004,pushup,75.6,163.7,46,female,60.1,22,14,8,0.636,143.0,21.98,196.3,1.3,77.5,1.2,7.721,1.1757,9.078
ATHLETE_004,pushup,75.6,163.7,46,female,128.5,35,22,13,0.629,97.7,16.34,150.2,0.888,88.9,0.067,16.521,0.8989,14.851
ATHLETE_004,pushup,75.6,163.7,46,female,180.0,65,41,24,0.631,84.3,21.67,148.4,0.766,86.8,0.202,23.136,0.9262,21.429
ATHLETE_004,pushup,75.6,163.7,46,female,107.0,37,24,13,0.649,114.4,20.75,239.3,1.04,74.8,0.219,13.757,1.1787,16.215
ATHLETE_004,pushup,75.6,163.7,46,female,181.3,51,34,17,0.667,109.8,16.88,189.5,0.999,71.8,0.716,23.304,1.0432,24.311
ATHLETE_004,jumping_jack,75.6,163.7,46,female,150.4,51,34,17,0.667,118.8,20.34,174.7,0.99,13.0,0.683,19.339,0.9975,19.29
ATHLETE_004,pushup,75.6,163.7,46,female,91.5,33,19,14,0.576,103.7,21.63,216.4,0.943,85.6,0.144,11.768,1.0909,12.838
ATHLETE_004,squat,75.6,163.7,46,female,52.1,16,10,6,0.625,83.1,18.44,146.7,0.756,6.9,0.267,5.438,0.8991,4.889
ATHLETE_004,pushup,75.6,163.7,46,female,205.7,76,50,26,0.658,99.5,22.17,213.0,0.905,82.4,0.05,26.445,1.1057,29.239
ATHLETE_004,jumping_jack,75.6,163.7,46,female,70.8,19,12,7,0.632,102.8,16.09,180.9,0.856,33.7,0.177,9.108,0.9864,8.983
ATHLETE_004,squat,75.6,163.7,46,female,232.3,62,44,18,0.71,119.6,16.01,211.8,1.087,28.0,0.235,24.266,1.0627,25.787
ATHLETE_004,squat,75.6,163.7,46,female,50.7,13,8,5,0.615,89.0,15.38,222.2,0.809,22.2,0.205,5.298,1.035,5.483
ATHLETE_004,pushup,75.6,163.7,46,female,231.9,69,46,23,0.667,103.6,17.85,206.5,0.942,86.5,0.512,29.815,1.0827,32.281
ATHLETE_004,jumping_jack,75.6,163.7,46,female,224.8,80,54,26,0.675,125.5,21.35,159.7,1.046,33.1,0.05,28.899,0.9925,28.682
ATHLETE_004,squat,75.6,163.7,46,female,239.9,65,46,19,0.708,121.1,16.26,190.8,1.101,22.7,0.469,25.054,1.1098,27.804
ATHLETE_004,squat,75.6,163.7,46,female,108.9,33,22,11,0.667,114.4,18.18,224.2,1.04,17.6,0.596,11.375,1.1888,13.524
ATHLETE_004,squat,75.6,163.7,46,female,139.8,37,23,14,0.622,83.4,15.88,142.1,0.758,12.9,0.208,14.6,0.8767,12.8
ATHLETE_004,pushup,75.6,163.7,46,female,140.1,45,26,19,0.578,84.9,19.28,210.6,0.772,95.0,0.243,18.004,1.0489,18.884
ATHLETE_004,pushup,75.6,163.7,46,female,209.9,70,45,25,0.643,81.6,20.01,142.1,0.742,93.2,0.328,26.987,0.9187,24.794
ATHLETE_004,jumping_jack,75.6,163.7,46,female,198.9,71,50,21,0.704,109.5,21.42,213.4,0.912,18.5,0.05,25.563,1.1359,29.038
ATHLETE_004,pushup,75.6,163.7,46,female,155.8,52,35,17,0.673,105.5,20.02,226.6,0.959,78.4,0.443,20.03,1.1587,23.21
ATHLETE_004,squat,75.6,163.7,46,female,80.0,25,15,10,0.6,113.6,18.76,165.8,1.033,20.8,0.432,8.353,0.9701,8.103
ATHLETE_004,pushup,75.6,163.7,46,female,144.8,43,30,13,0.698,127.6,17.82,197.0,1.16,80.4,0.351,18.615,1.1252,20.946
ATHLETE_004,jumping_jack,75.6,163.7,46,female,20.6,7,4,3,0.571,137.9,20.42,214.4,1.149,11.5,0.157,2.644,1.1781,3.115
ATHLETE_004,squat,75.6,163.7,46,female,218.0,68,42,26,0.618,92.6,18.72,231.0,0.842,17.6,0.385,22.77,1.1357,25.859
ATHLETE_004,squat,75.6,163.7,46,female,188.7,53,34,19,0.642,97.1,16.86,179.2,0.883,19.4,0.268,19.705,1.0032,19.769
ATHLETE_004,squat,75.6,163.7,46,female,25.2,8,5,3,0.625,79.1,19.05,209.0,0.719,31.7,0.24,2.632,0.9865,2.597
ATHLETE_004,squat,75.6,163.7,46,female,80.4,27,18,9,0.667,73.7,20.15,130.6,0.67,28.3,0.324,8.397,0.8478,7.12
ATHLETE_004,squat,75.6,163.7,46,female,147.2,44,26,18,0.591,94.9,17.93,164.1,0.863,14.8,0.05,15.379,0.9166,14.097
ATHLETE_004,pushup,75.6,163.7,46,female,203.0,72,42,30,0.583,82.3,21.28,228.5,0.748,95.0,0.092,26.097,1.1062,28.867
ATHLETE_005,pushup,76.2,159.5,19,male,58.6,20,12,8,0.6,89.4,20.49,195.8,0.813,95.0,0.149,9.051,1.0175,9.21
ATHLETE_005,jumping_jack,76.2,159.5,19,male,224.0,64,41,23,0.641,115.3,17.14,220.3,0.961,20.6,0.342,34.615,1.1363,39.332
ATHLETE_005,squat,76.2,159.5,19,male,193.3,71,47,24,0.662,84.1,22.03,193.9,0.764,14.5,0.168,24.277,1.0023,24.332
ATHLETE_005,squat,76.2,159.5,19,male,226.1,74,46,28,0.622,86.3,19.63,117.6,0.784,23.1,0.881,28.395,0.9202,26.13
ATHLETE_005,jumping_jack,76.2,159.5,19,male,146.4,48,30,18,0.625,68.7,19.67,194.0,0.573,37.5,0.393,22.627,0.9597,21.716
ATHLETE_005,squat,76.2,159.5,19,male,211.0,76,52,24,0.684,96.1,21.61,184.7,0.874,10.5,0.416,26.492,1.0289,27.257
ATHLETE_005,squat,76.2,159.5,19,male,230.6,76,54,22,0.711,92.6,19.77,285.0,0.842,27.3,0.052,28.958,1.1189,32.401
ATHLETE_005,squat,76.2,159.5,19,male,202.5,60,43,17,0.717,112.9,17.78,227.9,1.027,19.5,0.247,25.422,1.1436,29.073
ATHLETE_005,jumping_jack,76.2,159.5,19,male,231.9,76,54,22,0.711,81.6,19.66,170.4,0.68,0.0,0.05,35.837,0.9403,33.697
ATHLETE_005,squat,76.2,159.5,19,male,20.1,5,3,2,0.6,82.8,14.95,138.3,0.753,9.4,0.083,2.521,0.8397,2.117
ATHLETE_005,squat,76.2,159.5,19,male,238.9,63,42,21,0.667,94.4,15.82,182.4,0.858,16.9,0.249,29.995,0.9822,29.462
ATHLETE_005,jumping_jack,76.2,159.5,19,male,70.4,20,12,8,0.6,122.8,17.06,157.0,1.024,23.8,0.55,10.873,0.9732,10.582
ATHLETE_005,jumping_jack,76.2,159.5,19,male,119.0,33,21,12,0.636,135.7,16.65,181.9,1.131,27.0,0.05,18.384,1.0712,19.692
ATHLETE_005,squat,76.2,159.5,19,male,49.4,15,10,5,0.667,133.4,18.21,220.8,1.212,23.7,0.137,6.208,1.1694,7.259
ATHLETE_005,squat,76.2,159.5,19,male,73.1,27,18,9,0.667,104.2,22.17,213.3,0.948,21.0,0.212,9.175,1.1119,10.201
ATHLETE_005,jumping_jack,76.2,159.5,19,male,52.8,14,9,5,0.643,127.2,15.9,149.6,1.06,23.5,0.687,8.165,0.9706,7.925
ATHLETE_005,squat,76.2,159.5,19,male,192.7,71,50,21,0.704,93.5,22.11,229.4,0.85,15.2,0.103,24.198,1.1925,28.855
ATHLETE_005,squat,76.2,159.5,19,male,224.7,65,45,20,0.692,104.2,17.36,238.9,0.947,12.4,0.09,28.212,1.1126,31.389
ATHLETE_005,pushup,76.2,159.5,19,male,34.7,11,6,5,0.545,106.0,19.04,253.3,0.963,83.2,0.05,5.357,1.1606,6.218
ATHLETE_005,jumping_jack,76.2,159.5,19,male,165.0,59,35,24,0.593,114.2,21.46,174.0,0.952,13.8,1.2,25.498,0.9688,24.702
ATHLETE_005,jumping_jack,76.2,159.5,19,male,227.3,81,51,30,0.63,136.4,21.38,115.9,1.137,13.6,0.253,35.13,0.977,34.323
ATHLETE_005,pushup,76.2,159.5,19,male,85.0,30,20,10,0.667,83.8,21.18,175.4,0.762,87.2,0.522,13.136,0.9565,12.564
ATHLETE_005,pushup,76.2,159.5,19,male,231.2,73,51,22,0.699,91.6,18.95,180.0,0.833,76.9,0.233,35.725,0.9932,35.482
ATHLETE_005,jumping_jack,76.2,159.5,19,male,134.6,45,27,18,0.6,99.1,20.06,200.0,0.826,26.9,0.172,20.797,0.9906,20.602
ATHLETE_005,squat,76.2,159.5,19,male,227.5,65,39,26,0.6,108.0,17.14,187.2,0.982,9.3,0.592,28.564,1.0437,29.812
ATHLETE_005,jumping_jack,76.2,159.5,19,male,213.4,62,40,22,0.645,91.7,17.43,214.2,0.764,9.7,0.05,32.986,1.0421,34.375
ATHLETE_005,squat,76.2,159.5,19,male,185.7,54,35,19,0.648,95.6,17.45,204.0,0.869,15.2,1.175,23.318,1.0503,24.491
ATHLETE_005,jumping_jack,76.2,159.5,19,male,131.3,47,32,15,0.681,155.4,21.48,230.6,1.295,4.8,0.291,20.29,1.26,25.566
ATHLETE_005,pushup,76.2,159.5,19,male,40.6,13,9,4,0.692,84.8,19.2,184.8,0.771,95.0,0.474,6.279,0.9945,6.244
ATHLETE_005,jumping_jack,76.2,159.5,19,male,238.2,64,41,23,0.641,103.6,16.12,213.6,0.863,33.4,0.335,36.813,1.0626,39.119
ATHLETE_005,jumping_jack,76.2,159.5,19,male,171.3,52,34,18,0.654,135.5,18.21,195.9,1.13,22.5,0.05,26.479,1.1146,29.515
ATHLETE_005,pushup,76.2,159.5,19,male,230.8,70,44,26,0.629,97.0,18.2,164.3,0.882,78.5,0.448,35.666,0.9128,32.555
ATHLETE_005,squat,76.2,159.5,19,male,150.5,46,29,17,0.63,79.3,18.34,237.2,0.721,15.6,0.36,18.894,1.139,21.521
ATHLETE_005,pushup,76.2,159.5,19,male,147.6,48,31,17,0.646,131.4,19.51,226.5,1.195,80.0,0.61,22.811,1.24,28.285
ATHLETE_005,pushup,76.2,159.5,19,male,160.0,44,30,14,0.682,113.6,16.5,175.7,1.033,66.6,0.05,24.732,1.0256,25.366
ATHLETE_005,pushup,76.2,159.5,19,male,115.5,31,19,12,0.613,129.5,16.11,215.1,1.177,76.8,0.354,17.848,1.1894,21.228
ATHLETE_005,jumping_jack,76.2,159.5,19,male,46.0,14,9,5,0.643,135.6,18.25,125.2,1.13,10.0,0.157,7.114,0.9641,6.859
ATHLETE_005,squat,76.2,159.5,19,male,56.4,19,12,7,0.632,132.2,20.23,218.7,1.202,15.3,0.217,7.078,1.1727,8.3
ATHLETE_005,pushup,76.2,159.5,19,male,115.7,43,29,14,0.674,96.5,22.29,198.0,0.877,82.8,0.896,17.887,1.0532,18.839
ATHLETE_005,pushup,76.2,159.5,19,male,230.5,61,36,25,0.59,88.4,15.88,161.8,0.804,87.8,0.1,35.616,0.8997,32.044
ATHLETE_006,squat,66.4,188.0,59,male,143.6,55,43,12,0.782,101.7,22.97,252.6,0.925,26.3,0.278,16.738,1.2034,20.142
ATHLETE_006,jumping_jack,66.4,188.0,59,male,214.1,84,73,11,0.869,123.8,23.54,292.6,1.031,23.3,0.055,30.702,1.2839,39.418
ATHLETE_006,jumping_jack,66.4,188.0,59,male,63.6,27,22,5,0.815,115.4,25.48,260.9,0.962,13.5,0.057,9.119,1.2591,11.482
ATHLETE_006,jumping_jack,66.4,188.0,59,male,75.2,35,29,6,0.829,95.7,27.92,250.9,0.798,23.4,0.05,10.787,1.2507,13.492
ATHLETE_006,squat,66.4,188.0,59,male,140.7,60,46,14,0.767,100.6,25.58,289.0,0.915,23.2,0.085,16.401,1.2202,20.012
ATHLETE_006,squat,66.4,188.0,59,male,121.7,48,40,8,0.833,92.8,23.66,251.3,0.843,31.2,0.215,14.182,1.2145,17.225
ATHLETE_006,jumping_jack,66.4,188.0,59,male,193.0,70,54,16,0.771,105.3,21.76,215.4,0.878,21.0,0.08,27.678,1.1692,32.361
ATHLETE_006,pushup,66.4,188.0,59,male,165.1,59,45,14,0.763,105.9,21.44,271.1,0.963,87.9,0.281,23.681,1.2594,29.825
ATHLETE_006,squat,66.4,188.0,59,male,95.6,36,28,8,0.778,95.9,22.59,291.0,0.872,2.4,0.05,11.141,1.1782,13.126
ATHLETE_006,pushup,66.4,188.0,59,male,232.2,84,69,15,0.821,119.7,21.71,225.4,1.088,95.0,0.56,33.3,1.2628,42.052
ATHLETE_006,jumping_jack,66.4,188.0,59,male,63.1,30,24,6,0.8,150.4,28.53,184.7,1.253,23.0,0.158,9.048,1.1841,10.713
ATHLETE_006,jumping_jack,66.4,188.0,59,male,80.9,40,30,10,0.75,104.2,29.66,230.7,0.868,22.4,0.058,11.605,1.2521,14.531
ATHLETE_006,squat,66.4,188.0,59,male,155.4,53,47,6,0.887,104.9,20.47,298.2,0.954,19.4,1.2,18.105,1.2432,22.509
ATHLETE_006,pushup,66.4,188.0,59,male,179.5,69,62,7,0.899,110.9,23.06,221.7,1.008,81.0,0.167,25.75,1.2402,31.935
ATHLETE_006,jumping_jack,66.4,188.0,59,male,61.2,29,25,4,0.862,146.5,28.42,261.0,1.221,17.6,0.603,8.782,1.3346,11.72
ATHLETE_006,pushup,66.4,188.0,59,male,98.7,40,35,5,0.875,88.0,24.31,231.1,0.8,91.7,0.05,14.158,1.201,17.004
ATHLETE_006,pushup,66.4,188.0,59,male,112.4,54,46,8,0.852,111.9,28.82,206.3,1.017,95.0,0.469,16.124,1.1878,19.152
ATHLETE_006,jumping_jack,66.4,188.0,59,male,205.6,76,56,20,0.737,105.2,22.18,259.1,0.877,12.6,0.373,29.491,1.2054,35.547
ATHLETE_006,pushup,66.4,188.0,59,male,204.1,77,65,12,0.844,106.6,22.63,316.6,0.969,77.0,0.05,29.279,1.2322,36.078
ATHLETE_006,pushup,66.4,188.0,59,male,109.8,50,44,6,0.88,115.8,27.32,227.9,1.053,91.9,0.05,15.752,1.3033,20.529
ATHLETE_006,jumping_jack,66.4,188.0,59,male,44.4,18,14,4,0.778,116.5,24.31,287.3,0.971,22.0,0.05,6.37,1.2509,7.969
ATHLETE_006,pushup,66.4,188.0,59,male,29.2,13,11,2,0.846,116.2,26.67,233.5,1.056,89.1,0.491,4.194,1.2922,5.42
ATHLETE_006,pushup,66.4,188.0,59,male,204.7,101,85,16,0.842,138.2,29.61,281.7,1.256,95.0,0.209,29.356,1.4,41.098
ATHLETE_006,squat,66.4,188.0,59,male,46.5,15,11,4,0.733,105.9,19.37,228.4,0.963,26.6,0.05,5.413,1.1535,6.244
ATHLETE_006,pushup,66.4,188.0,59,male,86.0,39,29,10,0.744,120.2,27.21,308.6,1.093,84.2,0.554,12.332,1.3101,16.156
ATHLETE_006,squat,66.4,188.0,59,male,114.4,43,37,6,0.86,135.2,22.55,278.8,1.229,13.5,0.235,13.333,1.312,17.493
ATHLETE_006,pushup,66.4,188.0,59,male,40.6,19,16,3,0.842,115.3,28.05,342.8,1.048,70.5,0.2,5.83,1.3084,7.628
ATHLETE_006,jumping_jack,66.4,188.0,59,male,50.3,19,14,5,0.737,139.8,22.68,239.2,1.165,31.2,0.05,7.208,1.3218,9.527
ATHLETE_006,squat,66.4,188.0,59,male,193.1,95,74,21,0.779,101.1,29.52,187.5,0.919,27.3,0.05,22.5,1.1302,25.43
ATHLETE_006,pushup,66.4,188.0,59,male,123.9,42,31,11,0.738,100.9,20.33,176.4,0.917,88.6,0.115,17.777,1.0006,17.787
ATHLETE_006,pushup,66.4,188.0,59,male,133.6,44,32,12,0.727,99.4,19.75,222.4,0.904,87.6,0.252,19.168,1.1645,22.321
ATHLETE_006,jumping_jack,66.4,188.0,59,male,29.8,11,9,2,0.818,129.3,22.17,228.6,1.077,28.3,0.299,4.269,1.2475,5.326
ATHLETE_006,jumping_jack,66.4,188.0,59,male,128.6,57,51,6,0.895,106.8,26.6,225.9,0.89,9.0,0.185,18.441,1.1829,21.815
ATHLETE_006,pushup,66.4,188.0,59,male,177.1,76,59,17,0.776,96.5,25.75,253.9,0.878,95.0,0.05,25.398,1.2548,31.869
ATHLETE_006,squat,66.4,188.0,59,male,196.1,86,64,22,0.744,123.2,26.32,325.7,1.12,18.4,0.136,22.849,1.3383,30.578
ATHLETE_006,pushup,66.4,188.0,59,male,227.2,100,85,15,0.85,123.9,26.41,188.1,1.126,86.7,0.724,32.582,1.2073,39.337
ATHLETE_006,squat,66.4,188.0,59,male,46.5,22,16,6,0.727,85.6,28.37,252.5,0.778,19.7,0.122,5.421,1.2065,6.541
ATHLETE_006,pushup,66.4,188.0,59,male,38.6,15,13,2,0.867,95.1,23.34,270.4,0.864,95.0,0.05,5.531,1.2203,6.75
ATHLETE_006,pushup,66.4,188.0,59,male,172.3,69,58,11,0.841,88.9,24.02,210.4,0.808,82.9,0.56,24.718,1.1604,28.682
ATHLETE_006,jumping_jack,66.4,188.0,59,male,119.0,50,43,7,0.86,112.6,25.2,236.6,0.938,31.2,0.063,17.071,1.3334,22.763
ATHLETE_007,jumping_jack,86.2,152.2,18,male,35.8,15,13,2,0.867,131.4,25.16,329.1,1.095,10.1,1.2,5.727,1.3053,7.475
ATHLETE_007,pushup,86.2,152.2,18,male,43.2,16,16,0,1.0,86.1,22.24,275.9,0.783,84.1,0.91,6.908,1.2063,8.333
ATHLETE_007,jumping_jack,86.2,152.2,18,male,55.2,20,19,1,0.95,81.5,21.74,260.1,0.679,19.3,0.768,8.837,1.166,10.303
ATHLETE_007,squat,86.2,152.2,18,male,201.9,109,96,13,0.881,102.7,32.4,288.2,0.934,7.4,0.273,26.255,1.2819,33.657
ATHLETE_007,pushup,86.2,152.2,18,male,125.1,57,49,8,0.86,115.3,27.33,255.4,1.048,93.5,0.432,20.03,1.3114,26.266
ATHLETE_007,squat,86.2,152.2,18,male,32.7,13,11,2,0.846,105.5,23.87,289.8,0.959,27.7,0.052,4.251,1.2116,5.15
ATHLETE_007,jumping_jack,86.2,152.2,18,male,53.1,27,23,4,0.852,126.8,30.5,302.5,1.057,11.6,0.55,8.502,1.3177,11.203
ATHLETE_007,jumping_jack,86.2,152.2,18,male,64.3,27,22,5,0.815,156.0,25.2,219.9,1.3,22.0,0.267,10.291,1.3008,13.386
ATHLETE_007,squat,86.2,152.2,18,male,48.7,24,20,4,0.833,93.5,29.54,303.1,0.85,19.0,1.2,6.339,1.2379,7.848
ATHLETE_007,squat,86.2,152.2,18,male,149.5,64,56,8,0.875,115.1,25.68,247.1,1.046,21.9,0.237,19.446,1.247,24.249
ATHLETE_007,squat,86.2,152.2,18,male,179.7,94,86,8,0.915,139.3,31.39,231.6,1.267,30.2,0.227,23.365,1.4,32.712
ATHLETE_007,jumping_jack,86.2,152.2,18,male,44.0,22,20,2,0.909,124.7,29.97,169.6,1.039,25.2,0.05,7.049,1.1525,8.124
ATHLETE_007,squat,86.2,152.2,18,male,171.3,84,81,3,0.964,97.7,29.42,246.4,0.889,29.2,0.114,22.278,1.2923,28.79
ATHLETE_007,squat,86.2,152.2,18,male,230.6,84,84,0,1.0,120.2,21.85,290.5,1.093,25.8,0.472,29.996,1.3287,39.855
ATHLETE_007,pushup,86.2,152.2,18,male,21.2,11,10,1,0.909,107.5,31.06,277.6,0.977,80.0,0.178,3.401,1.3413,4.562
ATHLETE_007,squat,86.2,152.2,18,male,37.1,16,14,2,0.875,101.3,25.89,253.3,0.921,20.9,1.033,4.823,1.2649,6.1
ATHLETE_007,squat,86.2,152.2,18,male,21.3,8,7,1,0.875,92.7,22.49,284.3,0.843,16.2,0.228,2.775,1.2254,3.401
ATHLETE_007,squat,86.2,152.2,18,male,36.0,15,13,2,0.867,91.8,24.97,239.6,0.835,26.6,0.136,4.687,1.2222,5.728
ATHLETE_007,pushup,86.2,152.2,18,male,205.3,95,82,13,0.863,128.9,27.77,255.8,1.172,89.8,0.706,32.861,1.3495,44.344
ATHLETE_007,squat,86.2,152.2,18,male,148.9,71,59,12,0.831,86.3,28.61,299.9,0.784,26.7,0.57,19.364,1.2491,24.188
ATHLETE_007,squat,86.2,152.2,18,male,143.9,55,55,0,1.0,93.0,22.93,327.0,0.846,24.4,0.111,18.718,1.2585,23.557
ATHLETE_007,pushup,86.2,152.2,18,male,89.9,32,29,3,0.906,99.1,21.36,278.0,0.901,91.6,0.133,14.385,1.2046,17.329
ATHLETE_007,jumping_jack,86.2,152.2,18,male,201.9,78,73,5,0.936,117.7,23.18,309.6,0.981,5.0,0.964,32.314,1.2458,40.257
ATHLETE_007,jumping_jack,86.2,152.2,18,male,39.6,19,17,2,0.895,142.2,28.76,226.0,1.185,24.2,0.384,6.346,1.3295,8.437
ATHLETE_007,pushup,86.2,152.2,18,male,81.3,31,29,2,0.935,141.5,22.89,258.2,1.286,65.6,0.703,13.007,1.3489,17.545
ATHLETE_007,jumping_jack,86.2,152.2,18,male,120.7,48,43,5,0.896,104.9,23.86,267.4,0.874,16.4,0.604,19.319,1.2731,24.596
ATHLETE_007,jumping_jack,86.2,152.2,18,male,178.3,76,75,1,0.987,129.1,25.57,318.3,1.076,25.2,0.05,28.544,1.3627,38.896
ATHLETE_007,pushup,86.2,152.2,18,male,50.1,24,23,1,0.958,122.2,28.77,224.6,1.111,95.0,0.078,8.012,1.314,10.527
ATHLETE_007,pushup,86.2,152.2,18,male,83.2,35,29,6,0.829,105.2,25.23,237.5,0.956,90.9,0.05,13.322,1.2456,16.594
ATHLETE_007,pushup,86.2,152.2,18,male,220.4,113,109,4,0.965,90.3,30.76,314.4,0.821,83.0,0.452,35.285,1.2981,45.803
ATHLETE_007,pushup,86.2,152.2,18,male,232.0,106,101,5,0.953,121.9,27.42,247.2,1.108,86.0,1.2,37.131,1.4,51.983
ATHLETE_007,jumping_jack,86.2,152.2,18,male,146.6,55,49,6,0.891,93.7,22.51,256.1,0.781,4.9,0.146,23.462,1.1748,27.563
ATHLETE_007,jumping_jack,86.2,152.2,18,male,134.0,57,51,6,0.895,117.0,25.53,274.3,0.975,21.4,0.531,21.441,1.294,27.746
ATHLETE_007,pushup,86.2,152.2,18,male,107.6,45,37,8,0.822,92.2,25.1,244.6,0.839,95.0,0.225,17.217,1.2195,20.996
ATHLETE_007,squat,86.2,152.2,18,male,148.1,80,70,10,0.875,139.6,32.41,287.7,1.269,26.7,0.525,19.259,1.4,26.963
ATHLETE_007,pushup,86.2,152.2,18,male,69.6,27,23,4,0.852,125.6,23.28,292.0,1.142,76.1,0.583,11.138,1.323,14.736
ATHLETE_007,jumping_jack,86.2,152.2,18,male,56.1,26,25,1,0.962,111.3,27.83,287.1,0.927,22.4,0.05,8.972,1.3507,12.119
ATHLETE_007,squat,86.2,152.2,18,male,33.7,13,10,3,0.769,90.7,23.16,345.7,0.825,7.1,0.243,4.381,1.1948,5.234
ATHLETE_007,pushup,86.2,152.2,18,male,231.7,110,110,0,1.0,109.1,28.48,327.4,0.992,83.6,0.288,37.089,1.3074,48.489
ATHLETE_007,squat,86.2,152.2,18,male,118.0,47,39,8,0.83,111.9,23.89,285.5,1.017,20.4,0.105,15.349,1.2831,19.695
ATHLETE_008,squat,75.2,179.7,55,female,232.8,52,26,26,0.5,92.5,13.4,178.5,0.841,18.1,0.532,25.19,0.8932,22.499
ATHLETE_008,squat,75.2,179.7,55,female,189.8,44,18,26,0.409,83.9,13.91,163.0,0.762,27.1,0.457,20.537,0.8489,17.435
ATHLETE_008,jumping_jack,75.2,179.7,55,female,75.8,16,7,9,0.438,156.0,12.66,90.6,1.3,38.1,0.05,10.102,0.8977,9.069
ATHLETE_008,squat,75.2,179.7,55,female,222.1,61,29,32,0.475,124.2,16.48,121.1,1.129,23.3,0.155,24.032,0.8902,21.393
ATHLETE_008,pushup,75.2,179.7,55,female,72.9,15,7,8,0.467,104.7,12.35,108.4,0.952,81.7,1.052,9.709,0.859,8.339
ATHLETE_008,pushup,75.2,179.7,55,female,178.2,43,19,24,0.442,119.8,14.48,125.2,1.089,83.3,0.819,23.739,0.8708,20.673
ATHLETE_008,squat,75.2,179.7,55,female,216.4,49,24,25,0.49,98.5,13.59,80.0,0.896,23.3,0.072,23.416,0.8231,19.275
ATHLETE_008,jumping_jack,75.2,179.7,55,female,150.6,28,13,15,0.464,88.7,11.15,109.2,0.739,19.1,0.05,20.065,0.8114,16.28
ATHLETE_008,jumping_jack,75.2,179.7,55,female,203.9,44,21,23,0.477,126.2,12.95,183.6,1.052,5.8,0.194,27.158,0.9887,26.851
ATHLETE_008,pushup,75.2,179.7,55,female,106.2,25,11,14,0.44,93.8,14.12,146.5,0.853,95.0,0.078,14.146,0.8328,11.781
ATHLETE_008,jumping_jack,75.2,179.7,55,female,86.9,18,7,11,0.389,135.9,12.42,170.5,1.133,18.0,0.126,11.579,0.975,11.289
ATHLETE_008,squat,75.2,179.7,55,female,200.0,42,18,24,0.429,98.6,12.6,113.0,0.896,25.6,0.274,21.642,0.8182,17.708
ATHLETE_008,pushup,75.2,179.7,55,female,103.8,23,11,12,0.478,75.7,13.3,146.5,0.688,82.4,0.157,13.82,0.8443,11.668
ATHLETE_008,jumping_jack,75.2,179.7,55,female,177.2,46,19,27,0.413,149.9,15.58,250.7,1.249,24.9,0.615,23.6,1.1719,27.657
ATHLETE_008,jumping_jack,75.2,179.7,55,female,177.2,41,20,21,0.488,133.6,13.89,174.2,1.113,16.6,0.576,23.597,0.9976,23.54
ATHLETE_008,pushup,75.2,179.7,55,female,51.3,10,4,6,0.4,116.7,11.7,181.8,1.061,95.0,0.131,6.83,0.9195,6.281
ATHLETE_008,squat,75.2,179.7,55,female,55.9,14,6,8,0.429,99.6,15.04,139.3,0.906,7.9,0.427,6.046,0.843,5.097
ATHLETE_008,jumping_jack,75.2,179.7,55,female,175.4,42,19,23,0.452,82.0,14.37,118.9,0.683,11.7,1.14,23.359,0.7944,18.555
ATHLETE_008,squat,75.2,179.7,55,female,141.6,32,13,19,0.406,86.1,13.56,106.4,0.782,23.0,0.558,15.325,0.8204,12.573
ATHLETE_008,jumping_jack,75.2,179.7,55,female,88.8,24,12,12,0.5,114.5,16.21,145.4,0.954,14.7,0.072,11.832,0.8829,10.447
ATHLETE_008,squat,75.2,179.7,55,female,106.0,21,9,12,0.429,102.6,11.89,166.4,0.933,22.1,0.099,11.467,0.9136,10.477
ATHLETE_008,pushup,75.2,179.7,55,female,82.9,19,9,10,0.474,97.4,13.76,136.1,0.885,89.3,0.359,11.038,0.8393,9.265
ATHLETE_008,squat,75.2,179.7,55,female,181.4,36,17,19,0.472,112.3,11.91,188.6,1.021,19.8,1.2,19.629,0.9729,19.097
ATHLETE_008,squat,75.2,179.7,55,female,233.5,46,21,25,0.457,119.2,11.82,178.1,1.084,5.2,0.177,25.276,0.9487,23.979
ATHLETE_008,jumping_jack,75.2,179.7,55,female,153.2,36,17,19,0.472,128.4,14.1,215.7,1.07,13.5,0.317,20.408,1.084,22.123
ATHLETE_008,jumping_jack,75.2,179.7,55,female,36.6,10,4,6,0.4,117.6,16.38,113.4,0.98,32.0,0.109,4.879,0.8933,4.359
ATHLETE_008,squat,75.2,179.7,55,female,174.8,39,18,21,0.462,136.7,13.38,122.3,1.242,26.2,0.1,18.922,0.9581,18.129
ATHLETE_008,squat,75.2,179.7,55,female,210.5,58,24,34,0.414,113.6,16.53,153.7,1.033,23.1,0.423,22.786,0.8967,20.433
ATHLETE_008,pushup,75.2,179.7,55,female,31.1,7,3,4,0.429,105.6,13.5,167.1,0.96,91.1,0.471,4.144,0.9426,3.906
ATHLETE_008,squat,75.2,179.7,55,female,234.9,46,19,27,0.413,90.2,11.75,136.9,0.82,22.5,0.199,25.427,0.8101,20.6
ATHLETE_008,jumping_jack,75.2,179.7,55,female,199.8,47,21,26,0.447,149.4,14.11,160.7,1.245,12.3,0.371,26.613,0.9804,26.09
ATHLETE_008,pushup,75.2,179.7,55,female,213.0,55,23,32,0.418,91.6,15.49,117.7,0.832,77.7,0.05,28.378,0.8193,23.25
ATHLETE_008,pushup,75.2,179.7,55,female,113.4,23,11,12,0.478,76.1,12.16,186.4,0.692,91.1,0.169,15.112,0.8824,13.335
ATHLETE_008,jumping_jack,75.2,179.7,55,female,82.3,21,9,12,0.429,83.8,15.3,145.1,0.698,16.9,0.081,10.966,0.8366,9.175
ATHLETE_008,jumping_jack,75.2,179.7,55,female,138.4,29,13,16,0.448,119.5,12.57,167.1,0.996,18.2,0.348,18.44,0.9476,17.474
ATHLETE_008,jumping_jack,75.2,179.7,55,female,160.3,42,19,23,0.452,93.2,15.72,145.8,0.777,16.8,0.243,21.359,0.8627,18.427
ATHLETE_008,jumping_jack,75.2,179.7,55,female,151.7,31,14,17,0.452,99.6,12.26,80.0,0.83,27.8,0.05,20.213,0.7996,16.163
ATHLETE_008,pushup,75.2,179.7,55,female,77.3,15,6,9,0.4,117.5,11.65,153.7,1.069,89.6,0.05,10.29,0.9129,9.394
ATHLETE_008,pushup,75.2,179.7,55,female,21.8,6,2,4,0.333,77.7,16.55,154.2,0.707,82.8,0.721,2.897,0.8325,2.412
ATHLETE_008,pushup,75.2,179.7,55,female,87.7,24,12,12,0.5,85.6,16.42,94.1,0.778,90.7,0.732,11.684,0.8374,9.784
ATHLETE_009,jumping_jack,57.4,169.6,68,male,121.6,41,29,12,0.707,107.4,20.23,146.2,0.895,32.8,0.17,14.633,0.9248,13.533
ATHLETE_009,jumping_jack,57.4,169.6,68,male,114.5,44,37,7,0.841,140.3,23.05,216.1,1.169,23.0,0.148,13.78,1.2066,16.627
ATHLETE_009,squat,57.4,169.6,68,male,56.5,22,16,6,0.727,91.6,23.38,200.4,0.833,20.8,0.328,5.521,1.0519,5.807
ATHLETE_009,squat,57.4,169.6,68,male,56.7,17,12,5,0.706,124.3,17.98,182.8,1.13,22.1,0.187,5.546,1.0805,5.993
ATHLETE_009,pushup,57.4,169.6,68,male,114.4,40,33,7,0.825,90.2,20.98,229.2,0.82,63.9,0.715,13.762,1.1521,15.856
ATHLETE_009,squat,57.4,169.6,68,male,24.9,10,8,2,0.8,117.0,24.12,210.2,1.064,22.8,0.251,2.432,1.2024,2.924
ATHLETE_009,pushup,57.4,169.6,68,male,106.2,43,32,11,0.744,60.2,24.29,219.5,0.547,84.6,0.288,12.78,1.0355,13.234
ATHLETE_009,pushup,57.4,169.6,68,male,68.8,26,22,4,0.846,119.6,22.67,248.0,1.087,83.2,0.725,8.281,1.3325,11.035
ATHLETE_009,pushup,57.4,169.6,68,male,126.7,41,34,7,0.829,82.7,19.41,203.3,0.752,78.6,0.172,15.249,1.0517,16.037
ATHLETE_009,squat,57.4,169.6,68,male,218.4,67,48,19,0.716,100.0,18.41,243.4,0.909,24.0,0.05,21.352,1.1679,24.938
ATHLETE_009,pushup,57.4,169.6,68,male,236.0,81,64,17,0.79,92.1,20.6,207.2,0.837,90.6,0.429,28.396,1.1247,31.935
ATHLETE_009,jumping_jack,57.4,169.6,68,male,101.3,29,22,7,0.759,110.7,17.18,233.2,0.923,22.5,0.164,12.188,1.158,14.114
ATHLETE_009,jumping_jack,57.4,169.6,68,male,197.0,76,60,16,0.789,139.1,23.15,225.0,1.159,26.0,0.255,23.704,1.2815,30.377
ATHLETE_009,pushup,57.4,169.6,68,male,23.2,7,5,2,0.714,130.5,18.09,171.9,1.187,75.8,0.06,2.794,1.0341,2.889
ATHLETE_009,jumping_jack,57.4,169.6,68,male,153.2,52,43,9,0.827,116.5,20.37,251.1,0.971,13.7,0.188,18.434,1.2516,23.072
ATHLETE_009,jumping_jack,57.4,169.6,68,male,79.6,24,18,6,0.75,100.4,18.09,186.4,0.836,26.8,0.248,9.579,1.0097,9.672
ATHLETE_009,jumping_jack,57.4,169.6,68,male,142.7,51,37,14,0.725,81.3,21.44,137.9,0.677,19.3,0.279,17.177,0.8845,15.193
ATHLETE_009,pushup,57.4,169.6,68,male,78.1,32,26,6,0.812,85.1,24.59,179.1,0.774,89.8,0.086,9.397,1.0156,9.544
ATHLETE_009,jumping_jack,57.4,169.6,68,male,78.2,29,24,5,0.828,126.8,22.25,237.0,1.057,12.4,0.198,9.412,1.3005,12.241
ATHLETE_009,pushup,57.4,169.6,68,male,122.1,38,29,9,0.763,120.7,18.68,222.9,1.097,82.2,0.079,14.69,1.2277,18.035
ATHLETE_009,jumping_jack,57.4,169.6,68,male,218.2,91,77,14,0.846,105.6,25.02,233.0,0.88,14.3,0.05,26.258,1.2244,32.151
ATHLETE_009,jumping_jack,57.4,169.6,68,male,225.4,88,72,16,0.818,113.8,23.43,203.8,0.948,5.9,0.134,27.121,1.1609,31.484
ATHLETE_009,jumping_jack,57.4,169.6,68,male,24.9,8,6,2,0.75,81.4,19.25,232.9,0.678,10.4,0.05,3.0,1.1024,3.307
ATHLETE_009,squat,57.4,169.6,68,male,221.7,84,64,20,0.762,105.1,22.74,171.6,0.955,6.0,0.173,21.671,1.0149,21.994
ATHLETE_009,pushup,57.4,169.6,68,male,160.4,61,50,11,0.82,108.4,22.81,172.9,0.985,93.4,0.167,19.305,1.0734,20.721
ATHLETE_009,squat,57.4,169.6,68,male,95.2,33,24,9,0.727,123.0,20.79,229.7,1.118,25.5,0.05,9.31,1.2707,11.83
ATHLETE_009,jumping_jack,57.4,169.6,68,male,203.2,67,57,10,0.851,104.7,19.78,215.8,0.872,21.4,0.05,24.454,1.1301,27.637
ATHLETE_009,squat,57.4,169.6,68,male,54.4,20,16,4,0.8,113.8,22.07,179.6,1.034,35.9,0.636,5.315,1.0812,5.747
ATHLETE_009,squat,57.4,169.6,68,male,33.3,12,8,4,0.667,101.5,21.6,166.1,0.923,35.2,0.844,3.259,0.99,3.226
ATHLETE_009,squat,57.4,169.6,68,male,108.4,32,25,7,0.781,110.9,17.71,203.3,1.008,34.0,0.153,10.6,1.1438,12.124
ATHLETE_009,squat,57.4,169.6,68,male,174.6,50,37,13,0.74,107.9,17.18,236.3,0.981,26.5,0.318,17.069,1.149,19.611
ATHLETE_009,pushup,57.4,169.6,68,male,234.8,88,68,20,0.773,108.6,22.49,217.2,0.987,83.0,0.085,28.249,1.1714,33.091
ATHLETE_009,pushup,57.4,169.6,68,male,157.0,65,51,14,0.785,96.0,24.84,203.6,0.873,83.4,0.05,18.89,1.1107,20.98
ATHLETE_009,squat,57.4,169.6,68,male,70.5,24,18,6,0.75,76.4,20.44,194.2,0.695,15.1,0.125,6.889,1.0296,7.093
ATHLETE_009,squat,57.4,169.6,68,male,24.5,9,6,3,0.667,82.2,22.03,175.3,0.747,21.6,0.05,2.397,0.9817,2.353
ATHLETE_009,jumping_jack,57.4,169.6,68,male,79.7,23,19,4,0.826,129.3,17.31,263.0,1.078,19.4,0.531,9.591,1.2027,11.535
ATHLETE_009,squat,57.4,169.6,68,male,88.6,24,17,7,0.708,101.8,16.26,246.7,0.926,19.7,0.44,8.66,1.1563,10.013
ATHLETE_009,pushup,57.4,169.6,68,male,112.1,38,31,7,0.816,134.7,20.34,238.9,1.225,88.9,0.132,13.488,1.307,17.629
ATHLETE_009,jumping_jack,57.4,169.6,68,male,47.8,17,14,3,0.824,68.2,21.34,280.0,0.568,26.0,0.407,5.752,1.1404,6.559
ATHLETE_009,jumping_jack,57.4,169.6,68,male,45.7,17,12,5,0.706,101.1,22.3,269.6,0.843,27.4,0.772,5.504,1.1781,6.485
ATHLETE_010,pushup,95.3,175.5,30,male,165.6,50,29,21,0.58,94.8,18.12,182.5,0.862,80.1,0.611,29.21,0.9733,28.431
ATHLETE_010,squat,95.3,175.5,30,male,152.8,55,31,24,0.564,125.1,21.59,192.1,1.137,17.6,0.458,21.91,1.1283,24.72
ATHLETE_010,pushup,95.3,175.5,30,male,195.1,59,35,24,0.593,93.2,18.14,188.1,0.848,82.1,0.107,34.421,1.0067,34.653
ATHLETE_010,pushup,95.3,175.5,30,male,157.2,57,29,28,0.509,82.7,21.76,190.5,0.752,88.1,0.078,27.728,0.955,26.481
ATHLETE_010,squat,95.3,175.5,30,male,72.2,30,18,12,0.6,116.1,24.95,218.2,1.055,23.4,0.05,10.344,1.2249,12.67
ATHLETE_010,pushup,95.3,175.5,30,male,174.5,64,38,26,0.594,135.6,22.0,216.0,1.233,83.6,0.431,30.794,1.2198,37.562
ATHLETE_010,squat,95.3,175.5,30,male,57.6,16,8,8,0.5,106.8,16.68,137.2,0.971,26.1,0.25,8.25,0.8897,7.341
ATHLETE_010,jumping_jack,95.3,175.5,30,male,47.1,17,9,8,0.529,100.0,21.63,236.1,0.833,16.6,0.52,8.318,1.0802,8.985
ATHLETE_010,pushup,95.3,175.5,30,male,153.8,49,26,23,0.531,124.7,19.11,194.8,1.133,95.0,0.05,27.139,1.078,29.257
ATHLETE_010,pushup,95.3,175.5,30,male,66.4,23,14,9,0.609,80.8,20.79,174.8,0.735,81.5,0.05,11.71,0.9835,11.517
ATHLETE_010,pushup,95.3,175.5,30,male,71.6,23,11,12,0.478,106.0,19.28,220.6,0.964,84.1,0.331,12.627,1.1046,13.949
ATHLETE_010,jumping_jack,95.3,175.5,30,male,62.3,20,11,9,0.55,116.9,19.26,300.5,0.974,25.4,0.145,10.993,1.1591,12.741
ATHLETE_010,pushup,95.3,175.5,30,male,22.3,8,4,4,0.5,86.5,21.56,167.0,0.787,84.1,0.106,3.928,0.9231,3.626
ATHLETE_010,squat,95.3,175.5,30,male,238.2,85,53,32,0.624,103.3,21.41,236.4,0.939,16.2,0.096,34.141,1.1665,39.826
ATHLETE_010,jumping_jack,95.3,175.5,30,male,53.1,22,12,10,0.545,84.3,24.86,212.2,0.703,36.6,0.487,9.369,1.0468,9.807
ATHLETE_010,squat,95.3,175.5,30,male,59.0,19,10,9,0.526,122.8,19.33,207.8,1.116,26.7,0.679,8.455,1.1001,9.301
ATHLETE_010,squat,95.3,175.5,30,male,217.0,89,49,40,0.551,86.3,24.61,244.1,0.784,16.0,0.147,31.109,1.1374,35.383
ATHLETE_010,pushup,95.3,175.5,30,male,209.9,83,44,39,0.53,87.5,23.73,210.5,0.795,87.6,0.052,37.03,1.0708,39.651
ATHLETE_010,jumping_jack,95.3,175.5,30,male,115.4,35,18,17,0.514,130.4,18.19,215.5,1.087,30.1,0.376,20.367,1.1022,22.45
ATHLETE_010,squat,95.3,175.5,30,male,43.3,17,9,8,0.529,92.3,23.56,269.9,0.839,25.3,0.05,6.205,1.1562,7.174
ATHLETE_010,jumping_jack,95.3,175.5,30,male,196.2,58,33,25,0.569,95.5,17.74,208.4,0.796,21.2,0.47,34.617,1.009,34.929
ATHLETE_010,jumping_jack,95.3,175.5,30,male,164.9,58,30,28,0.517,118.6,21.1,168.3,0.989,22.7,0.598,29.096,0.9926,28.881
ATHLETE_010,squat,95.3,175.5,30,male,194.6,55,33,22,0.6,95.0,16.96,197.1,0.864,8.0,1.2,27.893,1.0171,28.369
ATHLETE_010,pushup,95.3,175.5,30,male,75.6,27,15,12,0.556,111.6,21.42,227.0,1.014,67.7,0.158,13.343,1.1564,15.429
ATHLETE_010,jumping_jack,95.3,175.5,30,male,31.4,11,5,6,0.455,106.1,21.02,248.2,0.884,21.1,0.071,5.538,1.1523,6.382
ATHLETE_010,pushup,95.3,175.5,30,male,146.8,57,34,23,0.596,90.1,23.29,188.7,0.82,83.9,0.322,25.903,1.0131,26.244
ATHLETE_010,jumping_jack,95.3,175.5,30,male,124.6,42,22,20,0.524,116.9,20.22,213.7,0.974,33.8,0.05,21.988,1.1124,24.459
ATHLETE_010,jumping_jack,95.3,175.5,30,male,132.7,51,26,25,0.51,132.6,23.06,258.9,1.105,25.9,0.986,23.413,1.2062,28.24
ATHLETE_010,pushup,95.3,175.5,30,male,116.4,47,29,18,0.617,130.8,24.23,199.3,1.189,95.0,0.114,20.536,1.2254,25.164
ATHLETE_010,jumping_jack,95.3,175.5,30,male,107.0,32,17,15,0.531,92.4,17.95,201.6,0.77,21.2,0.092,18.87,1.0149,19.152
ATHLETE_010,jumping_jack,95.3,175.5,30,male,180.9,75,40,35,0.533,118.1,24.87,236.1,0.984,9.8,0.489,31.92,1.2446,39.728
ATHLETE_010,squat,95.3,175.5,30,male,29.5,11,6,5,0.545,120.1,22.39,207.1,1.092,22.0,0.243,4.225,1.1336,4.789
ATHLETE_010,squat,95.3,175.5,30,male,205.7,72,41,31,0.569,115.6,21.0,150.0,1.051,18.2,0.111,29.49,0.9707,28.626
ATHLETE_010,jumping_jack,95.3,175.5,30,male,176.8,67,36,31,0.537,101.0,22.73,188.5,0.842,22.2,0.203,31.196,1.027,32.04
ATHLETE_010,pushup,95.3,175.5,30,male,108.0,42,22,20,0.524,131.7,23.32,249.3,1.197,79.2,0.976,19.062,1.2779,24.36
ATHLETE_010,jumping_jack,95.3,175.5,30,male,34.5,14,7,7,0.5,129.3,24.38,211.6,1.078,16.4,0.292,6.078,1.1659,7.086
ATHLETE_010,jumping_jack,95.3,175.5,30,male,186.6,76,39,37,0.513,98.9,24.44,203.9,0.824,10.9,0.093,32.921,1.0704,35.238
ATHLETE_010,jumping_jack,95.3,175.5,30,male,202.6,84,46,38,0.548,97.7,24.87,177.9,0.814,18.7,0.683,35.749,1.0032,35.865
ATHLETE_010,jumping_jack,95.3,175.5,30,male,148.3,42,25,17,0.595,112.4,16.99,210.5,0.937,6.2,1.2,26.167,1.1,28.784
ATHLETE_010,squat,95.3,175.5,30,male,33.6,12,6,6,0.5,95.3,21.42,225.2,0.866,8.8,0.05,4.819,1.104,5.32
ATHLETE_011,jumping_jack,73.8,158.2,34,female,31.3,9,4,5,0.444,95.3,17.26,119.2,0.794,10.1,0.297,4.041,0.8408,3.398
ATHLETE_011,pushup,73.8,158.2,34,female,187.2,47,20,27,0.426,91.2,15.06,129.2,0.829,95.0,0.05,24.186,0.8162,19.741
ATHLETE_011,squat,73.8,158.2,34,female,106.2,33,14,19,0.424,82.8,18.64,203.5,0.752,12.0,0.185,11.148,0.9672,10.783
ATHLETE_011,squat,73.8,158.2,34,female,212.5,69,29,40,0.42,88.8,19.48,180.2,0.807,21.0,0.268,22.306,0.9411,20.991
ATHLETE_011,squat,73.8,158.2,34,female,167.7,44,18,26,0.409,114.5,15.74,215.4,1.041,28.4,0.12,17.599,1.0728,18.88
ATHLETE_011,pushup,73.8,158.2,34,female,189.0,54,24,30,0.444,129.9,17.15,215.0,1.181,95.0,0.05,24.409,1.1264,27.494
ATHLETE_011,jumping_jack,73.8,158.2,34,female,171.6,56,26,30,0.464,96.9,19.58,152.6,0.807,13.8,0.702,22.167,0.9048,20.056
ATHLETE_011,jumping_jack,73.8,158.2,34,female,47.7,16,7,9,0.438,105.8,20.12,207.6,0.882,27.2,0.323,6.163,1.0783,6.646
ATHLETE_011,squat,73.8,158.2,34,female,146.6,41,18,23,0.439,92.4,16.78,201.6,0.84,11.6,0.344,15.384,1.0059,15.474
ATHLETE_011,pushup,73.8,158.2,34,female,163.5,43,20,23,0.465,98.6,15.78,166.7,0.896,79.7,1.2,21.119,0.9266,19.569
ATHLETE_011,squat,73.8,158.2,34,female,150.7,42,17,25,0.405,105.8,16.72,165.7,0.962,23.5,0.231,15.818,0.9396,14.863
ATHLETE_011,squat,73.8,158.2,34,female,113.8,34,14,20,0.412,121.1,17.92,132.4,1.101,21.5,0.29,11.945,0.9302,11.111
ATHLETE_011,pushup,73.8,158.2,34,female,35.3,8,3,5,0.375,114.9,13.61,167.9,1.044,76.5,0.439,4.556,0.9264,4.22
ATHLETE_011,squat,73.8,158.2,34,female,135.6,43,21,22,0.488,115.0,19.03,213.3,1.046,22.9,0.123,14.232,1.1091,15.786
ATHLETE_011,pushup,73.8,158.2,34,female,79.8,20,9,11,0.45,124.5,15.03,237.0,1.132,94.3,0.285,10.312,1.1215,11.565
ATHLETE_011,jumping_jack,73.8,158.2,34,female,47.8,15,7,8,0.467,112.5,18.84,80.0,0.937,25.5,0.362,6.172,0.8819,5.443
ATHLETE_011,jumping_jack,73.8,158.2,34,female,85.7,29,12,17,0.414,124.5,20.3,109.7,1.038,30.7,0.17,11.075,0.9184,10.171
ATHLETE_011,squat,73.8,158.2,34,female,153.6,43,18,25,0.419,99.8,16.8,154.6,0.908,19.7,0.266,16.118,0.8996,14.5
ATHLETE_011,squat,73.8,158.2,34,female,34.5,11,5,6,0.455,100.2,19.14,106.4,0.911,19.0,0.687,3.619,0.8458,3.061
ATHLETE_011,pushup,73.8,158.2,34,female,172.8,48,23,25,0.479,91.5,16.66,188.4,0.832,72.4,0.571,22.325,0.9722,21.704
ATHLETE_011,jumping_jack,73.8,158.2,34,female,130.0,41,19,22,0.463,105.7,18.92,115.5,0.881,28.4,0.076,16.792,0.8798,14.773
ATHLETE_011,squat,73.8,158.2,34,female,135.2,36,15,21,0.417,119.7,15.98,149.9,1.088,28.1,1.2,14.188,0.9305,13.203
ATHLETE_011,jumping_jack,73.8,158.2,34,female,139.8,36,17,19,0.472,149.5,15.46,175.6,1.246,13.3,0.333,18.053,0.9985,18.025
ATHLETE_011,pushup,73.8,158.2,34,female,234.9,70,29,41,0.414,121.2,17.88,202.5,1.102,88.7,0.264,30.35,1.0682,32.421
ATHLETE_011,pushup,73.8,158.2,34,female,89.5,21,10,11,0.476,87.6,14.08,219.4,0.796,77.3,0.494,11.557,1.0375,11.99
ATHLETE_011,squat,73.8,158.2,34,female,87.6,24,11,13,0.458,93.7,16.44,212.8,0.852,5.4,0.592,9.193,1.0406,9.566
ATHLETE_011,pushup,73.8,158.2,34,female,94.6,27,11,16,0.407,70.4,17.12,152.3,0.64,77.6,0.752,12.226,0.8192,10.015
ATHLETE_011,jumping_jack,73.8,158.2,34,female,20.0,6,2,4,0.333,73.2,17.96,143.6,0.61,1.8,0.459,2.589,0.773,2.001
ATHLETE_011,pushup,73.8,158.2,34,female,230.0,58,26,32,0.448,128.4,15.13,239.6,1.168,71.5,0.05,29.711,1.144,33.99
ATHLETE_011,pushup,73.8,158.2,34,female,168.6,40,18,22,0.45,88.1,14.23,200.4,0.801,84.0,0.05,21.784,0.9521,20.74
ATHLETE_011,pushup,73.8,158.2,34,female,75.9,20,9,11,0.45,119.0,15.8,235.6,1.082,82.8,0.739,9.809,1.1317,11.101
ATHLETE_011,jumping_jack,73.8,158.2,34,female,53.3,15,7,8,0.467,123.1,16.88,228.4,1.026,38.2,0.617,6.887,1.1068,7.623
ATHLETE_011,squat,73.8,158.2,34,female,87.5,22,10,12,0.455,88.3,15.08,119.7,0.803,30.2,0.222,9.187,0.8355,7.676
ATHLETE_011,squat,73.8,158.2,34,female,147.7,50,23,27,0.46,127.3,20.31,173.4,1.157,15.3,0.05,15.506,1.0567,16.385
ATHLETE_011,jumping_jack,73.8,158.2,34,female,154.3,36,15,21,0.417,110.0,14.0,167.1,0.917,32.9,0.826,19.93,0.9018,17.973
ATHLETE_011,jumping_jack,73.8,158.2,34,female,63.3,18,7,11,0.389,114.5,17.06,115.6,0.954,19.5,0.206,8.179,0.8811,7.206
ATHLETE_011,pushup,73.8,158.2,34,female,111.1,38,17,21,0.447,82.3,20.52,194.0,0.748,93.8,0.072,14.353,1.0141,14.555
ATHLETE_011,pushup,73.8,158.2,34,female,153.0,49,22,27,0.449,116.0,19.22,136.4,1.054,84.1,0.062,19.759,0.9015,17.812
ATHLETE_011,jumping_jack,73.8,158.2,34,female,183.3,48,22,26,0.458,132.5,15.71,164.6,1.105,13.4,0.225,23.679,0.9553,22.621
ATHLETE_011,jumping_jack,73.8,158.2,34,female,33.6,8,3,5,0.375,132.2,14.26,182.5,1.102,24.4,0.05,4.347,0.988,4.295
ATHLETE_012,pushup,57.2,152.2,58,female,37.0,11,6,5,0.545,105.4,17.85,178.7,0.958,79.3,1.2,3.671,0.968,3.554
ATHLETE_012,jumping_jack,57.2,152.2,58,female,180.3,53,39,14,0.736,109.3,17.63,198.2,0.911,12.3,0.05,17.903,1.0692,19.141
ATHLETE_012,jumping_jack,57.2,152.2,58,female,188.5,65,45,20,0.692,107.7,20.69,217.8,0.897,20.4,1.155,18.715,1.1331,21.206
ATHLETE_012,jumping_jack,57.2,152.2,58,female,106.5,34,21,13,0.618,122.9,19.16,197.0,1.024,24.1,0.226,10.572,1.1233,11.876
ATHLETE_012,jumping_jack,57.2,152.2,58,female,192.0,67,47,20,0.701,131.8,20.94,230.6,1.099,29.6,1.141,19.058,1.1969,22.809
ATHLETE_012,pushup,57.2,152.2,58,female,69.4,23,15,8,0.652,94.6,19.88,253.5,0.86,80.6,0.302,6.892,1.1891,8.196
ATHLETE_012,jumping_jack,57.2,152.2,58,female,134.8,40,25,15,0.625,104.1,17.8,288.5,0.867,28.3,0.294,13.384,1.1665,15.612
ATHLETE_012,squat,57.2,152.2,58,female,49.7,19,12,7,0.632,94.9,22.92,174.7,0.863,18.4,0.19,4.013,1.0503,4.215
ATHLETE_012,squat,57.2,152.2,58,female,226.5,76,49,27,0.645,86.2,20.13,235.8,0.784,11.5,0.05,18.271,1.102,20.134
ATHLETE_012,jumping_jack,57.2,152.2,58,female,25.5,8,5,3,0.625,84.8,18.79,231.0,0.707,24.9,0.557,2.536,1.105,2.802
ATHLETE_012,squat,57.2,152.2,58,female,132.9,40,27,13,0.675,114.2,18.06,206.6,1.038,21.3,0.071,10.72,1.1031,11.825
ATHLETE_012,squat,57.2,152.2,58,female,21.4,7,4,3,0.571,115.1,19.61,220.1,1.046,19.1,0.05,1.728,1.1136,1.924
ATHLETE_012,squat,57.2,152.2,58,female,177.2,60,37,23,0.617,116.9,20.32,170.2,1.063,19.7,0.05,14.291,0.9943,14.209
ATHLETE_012,squat,57.2,152.2,58,female,215.9,80,58,22,0.725,130.2,22.23,200.4,1.184,21.2,0.07,17.419,1.2031,20.956
ATHLETE_012,squat,57.2,152.2,58,female,59.9,24,16,8,0.667,137.7,24.06,167.9,1.252,14.5,0.623,4.828,1.1042,5.332
ATHLETE_012,jumping_jack,57.2,152.2,58,female,39.3,12,8,4,0.667,101.5,18.31,183.6,0.846,29.9,0.05,3.903,0.9895,3.862
ATHLETE_012,jumping_jack,57.2,152.2,58,female,210.0,69,45,24,0.652,98.4,19.72,173.4,0.82,34.2,0.38,20.845,0.9827,20.485
ATHLETE_012,jumping_jack,57.2,152.2,58,female,165.9,63,47,16,0.746,125.7,22.79,203.0,1.047,17.8,0.087,16.467,1.1677,19.228
ATHLETE_012,pushup,57.2,152.2,58,female,25.4,8,5,3,0.625,116.0,18.89,207.3,1.055,85.1,0.399,2.523,1.1031,2.784
ATHLETE_012,jumping_jack,57.2,152.2,58,female,156.5,63,39,24,0.619,86.3,24.16,167.0,0.719,16.4,0.05,15.535,0.9381,14.574
ATHLETE_012,pushup,57.2,152.2,58,female,167.8,65,45,20,0.692,104.9,23.25,164.6,0.953,79.5,0.363,16.657,0.984,16.391
ATHLETE_012,pushup,57.2,152.2,58,female,71.1,24,15,9,0.625,114.3,20.26,193.6,1.039,83.1,0.487,7.058,1.1032,7.786
ATHLETE_012,jumping_jack,57.2,152.2,58,female,188.3,58,40,18,0.69,110.6,18.48,217.8,0.921,21.2,0.109,18.698,1.1128,20.809
ATHLETE_012,jumping_jack,57.2,152.2,58,female,74.7,24,17,7,0.708,107.2,19.28,240.9,0.893,15.5,0.41,7.414,1.1781,8.734
ATHLETE_012,jumping_jack,57.2,152.2,58,female,207.7,69,42,27,0.609,93.5,19.93,240.9,0.779,13.6,0.05,20.623,1.0947,22.576
ATHLETE_012,jumping_jack,57.2,152.2,58,female,209.5,64,47,17,0.734,135.5,18.33,171.8,1.129,25.9,1.02,20.8,1.0698,22.252
ATHLETE_012,squat,57.2,152.2,58,female,208.9,64,45,19,0.703,118.5,18.38,256.1,1.077,24.4,0.065,16.848,1.2101,20.388
ATHLETE_012,jumping_jack,57.2,152.2,58,female,177.8,63,46,17,0.73,93.8,21.25,202.0,0.782,21.4,0.073,17.656,1.0832,19.125
ATHLETE_012,pushup,57.2,152.2,58,female,132.4,49,33,16,0.673,110.8,22.2,229.0,1.007,80.3,0.639,13.149,1.2034,15.823
ATHLETE_012,jumping_jack,57.2,152.2,58,female,175.2,73,46,27,0.63,99.9,24.99,200.9,0.833,7.6,0.138,17.398,1.1021,19.173
ATHLETE_012,jumping_jack,57.2,152.2,58,female,231.5,89,62,27,0.697,97.5,23.07,186.5,0.813,18.9,0.523,22.984,1.0421,23.951
ATHLETE_012,pushup,57.2,152.2,58,female,50.6,14,9,5,0.643,103.5,16.59,223.5,0.941,74.1,0.257,5.027,1.079,5.424
ATHLETE_012,squat,57.2,152.2,58,female,121.8,35,22,13,0.629,93.4,17.25,211.3,0.849,15.1,0.21,9.823,1.0009,9.832
ATHLETE_012,pushup,57.2,152.2,58,female,151.0,52,34,18,0.654,94.2,20.66,236.2,0.857,89.0,0.19,14.989,1.1731,17.584
ATHLETE_012,pushup,57.2,152.2,58,female,80.9,23,17,6,0.739,124.6,17.06,243.6,1.133,91.9,0.105,8.033,1.2202,9.802
ATHLETE_012,jumping_jack,57.2,152.2,58,female,32.0,10,6,4,0.6,101.1,18.73,234.0,0.843,22.6,0.197,3.181,1.1163,3.551
ATHLETE_012,pushup,57.2,152.2,58,female,96.7,33,23,10,0.697,94.8,20.47,227.3,0.862,95.0,0.146,9.605,1.1238,10.793
ATHLETE_012,pushup,57.2,152.2,58,female,171.0,69,50,19,0.725,116.1,24.21,255.0,1.056,85.3,0.05,16.98,1.2573,21.349
ATHLETE_012,jumping_jack,57.2,152.2,58,female,126.3,54,38,16,0.704,118.5,25.65,158.9,0.987,22.3,0.148,12.54,1.0226,12.823
ATHLETE_012,jumping_jack,57.2,152.2,58,female,91.7,38,23,15,0.605,89.9,24.87,221.4,0.749,14.6,0.089,9.103,1.1001,10.015
ATHLETE_013,squat,71.3,171.9,28,female,85.5,33,16,17,0.485,112.2,23.16,233.8,1.02,22.5,0.05,9.557,1.1642,11.127
ATHLETE_013,squat,71.3,171.9,28,female,220.1,81,46,35,0.568,91.2,22.08,256.1,0.829,18.4,0.673,24.605,1.1506,28.31
ATHLETE_013,squat,71.3,171.9,28,female,132.6,61,35,26,0.574,101.8,27.6,260.5,0.925,12.1,0.166,14.824,1.2013,17.807
ATHLETE_013,squat,71.3,171.9,28,female,139.8,50,27,23,0.54,96.0,21.46,221.7,0.873,31.6,0.471,15.63,1.104,17.255
ATHLETE_013,pushup,71.3,171.9,28,female,54.3,23,11,12,0.478,83.6,25.43,190.3,0.76,81.9,0.069,7.468,1.0092,7.537
ATHLETE_013,jumping_jack,71.3,171.9,28,female,228.5,82,46,36,0.561,137.7,21.53,233.3,1.147,29.6,0.075,31.444,1.189,37.387
ATHLETE_013,squat,71.3,171.9,28,female,119.1,50,28,22,0.56,113.4,25.2,284.4,1.031,35.1,0.913,13.311,1.2548,16.703
ATHLETE_013,squat,71.3,171.9,28,female,52.7,23,13,10,0.565,88.5,26.2,242.2,0.805,15.1,0.125,5.889,1.155,6.801
ATHLETE_013,pushup,71.3,171.9,28,female,135.7,63,35,28,0.556,102.4,27.85,204.6,0.931,66.6,0.255,18.678,1.1204,20.927
ATHLETE_013,pushup,71.3,171.9,28,female,95.4,43,20,23,0.465,86.2,27.03,293.2,0.784,86.1,0.096,13.133,1.1392,14.962
ATHLETE_013,squat,71.3,171.9,28,female,64.5,27,13,14,0.481,79.1,25.13,261.9,0.719,17.5,0.099,7.208,1.1428,8.238
ATHLETE_013,pushup,71.3,171.9,28,female,95.4,33,17,16,0.515,131.7,20.75,275.0,1.197,82.3,0.116,13.131,1.2045,15.815
ATHLETE_013,squat,71.3,171.9,28,female,137.6,50,24,26,0.48,100.4,21.8,274.0,0.913,30.6,0.145,15.384,1.139,17.523
ATHLETE_013,squat,71.3,171.9,28,female,130.4,56,30,26,0.536,102.1,25.76,241.0,0.928,7.9,0.721,14.584,1.2036,17.553
ATHLETE_013,squat,71.3,171.9,28,female,222.2,90,46,44,0.511,103.4,24.3,271.9,0.94,2.4,0.841,24.845,1.1865,29.479
ATHLETE_013,pushup,71.3,171.9,28,female,85.8,35,17,18,0.486,118.8,24.47,276.1,1.08,88.7,0.145,11.811,1.2652,14.942
ATHLETE_013,pushup,71.3,171.9,28,female,183.9,75,35,40,0.467,101.9,24.47,231.5,0.926,76.8,0.338,25.3,1.2124,30.674
ATHLETE_013,jumping_jack,71.3,171.9,28,female,184.9,79,39,40,0.494,132.2,25.64,223.5,1.101,8.0,1.197,25.437,1.205,30.653
ATHLETE_013,pushup,71.3,171.9,28,female,107.1,47,26,21,0.553,141.9,26.34,277.0,1.29,94.1,0.25,14.733,1.336,19.684
ATHLETE_013,squat,71.3,171.9,28,female,24.9,9,4,5,0.444,87.9,21.72,242.2,0.799,25.2,0.977,2.779,1.1198,3.112
ATHLETE_013,jumping_jack,71.3,171.9,28,female,180.9,84,49,35,0.583,80.5,27.86,283.3,0.671,15.4,0.797,24.889,1.1477,28.564
ATHLETE_013,squat,71.3,171.9,28,female,43.8,21,11,10,0.524,87.6,28.77,232.9,0.797,36.9,0.081,4.896,1.1967,5.859
ATHLETE_013,pushup,71.3,171.9,28,female,39.4,18,10,8,0.556,99.9,27.42,208.3,0.908,89.1,0.268,5.42,1.1126,6.03
ATHLETE_013,jumping_jack,71.3,171.9,28,female,50.9,19,10,9,0.526,126.3,22.39,270.7,1.052,23.3,0.47,7.007,1.2179,8.534
ATHLETE_013,jumping_jack,71.3,171.9,28,female,229.7,105,61,44,0.581,83.6,27.43,259.9,0.697,17.1,0.266,31.606,1.1318,35.771
ATHLETE_013,jumping_jack,71.3,171.9,28,female,152.1,55,28,27,0.509,120.3,21.69,256.1,1.002,22.8,0.503,20.933,1.192,24.952
ATHLETE_013,squat,71.3,171.9,28,female,60.4,23,12,11,0.522,78.3,22.84,229.9,0.712,23.3,0.587,6.757,1.0665,7.206
ATHLETE_013,pushup,71.3,171.9,28,female,104.8,44,25,19,0.568,116.9,25.19,274.7,1.063,83.0,0.119,14.424,1.2717,18.343
ATHLETE_013,squat,71.3,171.9,28,female,182.2,62,32,30,0.516,114.3,20.42,245.0,1.04,20.2,0.472,20.367,1.1831,24.097
ATHLETE_013,jumping_jack,71.3,171.9,28,female,38.8,19,10,9,0.526,89.4,29.39,273.8,0.745,0.0,0.05,5.337,1.1556,6.168
ATHLETE_013,pushup,71.3,171.9,28,female,120.5,57,27,30,0.474,116.3,28.38,234.4,1.058,86.3,0.22,16.581,1.2414,20.584
ATHLETE_013,jumping_jack,71.3,171.9,28,female,28.0,9,5,4,0.556,135.2,19.27,245.7,1.127,15.8,0.05,3.856,1.1764,4.536
ATHLETE_013,jumping_jack,71.3,171.9,28,female,209.4,82,45,37,0.549,135.8,23.5,198.9,1.132,17.7,0.181,28.811,1.1512,33.168
ATHLETE_013,pushup,71.3,171.9,28,female,232.6,116,66,50,0.569,130.9,29.93,281.2,1.19,91.9,0.213,32.004,1.2992,41.58
ATHLETE_013,jumping_jack,71.3,171.9,28,female,64.3,24,11,13,0.458,110.9,22.39,223.0,0.924,10.1,0.05,8.851,1.1196,9.909
ATHLETE_013,jumping_jack,71.3,171.9,28,female,95.5,45,24,21,0.533,97.1,28.27,254.3,0.809,31.0,0.05,13.144,1.1456,15.058
ATHLETE_013,pushup,71.3,171.9,28,female,106.7,51,26,25,0.51,96.9,28.68,267.5,0.881,74.0,0.445,14.682,1.2117,17.79
ATHLETE_013,pushup,71.3,171.9,28,female,48.9,19,9,10,0.474,107.6,23.32,263.5,0.978,75.5,0.071,6.726,1.2121,8.153
ATHLETE_013,pushup,71.3,171.9,28,female,102.1,38,21,17,0.553,77.8,22.34,241.7,0.707,94.4,0.081,14.044,1.1006,15.456
ATHLETE_013,jumping_jack,71.3,171.9,28,female,64.8,30,15,15,0.5,107.5,27.79,254.8,0.895,19.5,0.594,8.914,1.191,10.616
ATHLETE_014,pushup,98.9,154.3,29,male,118.0,52,46,6,0.885,101.9,26.45,236.6,0.926,75.0,0.346,19.81,1.2819,25.394
ATHLETE_014,pushup,98.9,154.3,29,male,224.5,88,78,10,0.886,102.3,23.52,270.4,0.93,73.0,0.127,37.698,1.2325,46.462
ATHLETE_014,jumping_jack,98.9,154.3,29,male,161.4,78,71,7,0.91,135.8,28.99,250.6,1.132,28.4,0.07,27.108,1.3749,37.27
ATHLETE_014,jumping_jack,98.9,154.3,29,male,139.4,66,52,14,0.788,108.6,28.41,357.8,0.905,17.0,0.121,23.405,1.2547,29.366
ATHLETE_014,pushup,98.9,154.3,29,male,83.6,35,30,5,0.857,108.2,25.11,304.8,0.983,93.8,0.05,14.046,1.2641,17.756
ATHLETE_014,jumping_jack,98.9,154.3,29,male,110.4,49,36,13,0.735,133.3,26.64,312.4,1.111,19.1,1.2,18.534,1.3034,24.157
ATHLETE_014,jumping_jack,98.9,154.3,29,male,133.2,67,55,12,0.821,124.0,30.18,192.4,1.033,16.4,0.978,22.368,1.2387,27.707
ATHLETE_014,squat,98.9,154.3,29,male,104.9,55,47,8,0.855,91.9,31.45,266.6,0.835,2.4,0.736,14.318,1.3039,18.67
ATHLETE_014,jumping_jack,98.9,154.3,29,male,68.6,26,19,7,0.731,104.2,22.75,300.4,0.868,20.6,0.64,11.514,1.1336,13.052
ATHLETE_014,jumping_jack,98.9,154.3,29,male,87.1,34,26,8,0.765,131.8,23.43,242.9,1.098,7.7,0.064,14.624,1.281,18.734
ATHLETE_014,jumping_jack,98.9,154.3,29,male,226.8,94,86,8,0.915,90.1,24.87,265.7,0.751,19.2,0.433,38.086,1.23,46.845
ATHLETE_014,jumping_jack,98.9,154.3,29,male,134.7,51,46,5,0.902,137.0,22.71,290.7,1.142,25.4,0.214,22.629,1.3174,29.811
ATHLETE_014,jumping_jack,98.9,154.3,29,male,192.4,69,60,9,0.87,111.1,21.52,300.6,0.926,6.3,0.173,32.307,1.2939,41.803
ATHLETE_014,squat,98.9,154.3,29,male,220.0,109,90,19,0.826,120.6,29.73,272.0,1.096,18.4,0.137,30.013,1.3101,39.321
ATHLETE_014,pushup,98.9,154.3,29,male,81.4,34,31,3,0.912,106.3,25.07,245.9,0.967,89.0,0.105,13.667,1.2106,16.546
ATHLETE_014,pushup,98.9,154.3,29,male,211.3,93,81,12,0.871,80.4,26.4,245.2,0.731,94.1,0.343,35.491,1.1904,42.25
ATHLETE_014,jumping_jack,98.9,154.3,29,male,228.6,85,65,20,0.765,114.8,22.31,287.4,0.957,34.9,0.462,38.398,1.215,46.655
ATHLETE_014,jumping_jack,98.9,154.3,29,male,210.8,111,87,24,0.784,112.6,31.6,262.7,0.939,17.5,0.05,35.399,1.2782,45.245
ATHLETE_014,jumping_jack,98.9,154.3,29,male,154.5,65,57,8,0.877,106.9,25.24,228.3,0.891,13.2,0.533,25.946,1.1734,30.446
ATHLETE_014,pushup,98.9,154.3,29,male,133.1,66,53,13,0.803,89.6,29.76,288.6,0.815,78.5,0.054,22.345,1.2704,28.387
ATHLETE_014,squat,98.9,154.3,29,male,60.1,26,23,3,0.885,108.2,25.98,251.9,0.984,26.9,0.098,8.195,1.3023,10.671
ATHLETE_014,squat,98.9,154.3,29,male,223.7,106,86,20,0.811,98.0,28.43,246.5,0.891,33.1,0.05,30.522,1.2836,39.178
ATHLETE_014,jumping_jack,98.9,154.3,29,male,230.8,92,74,18,0.804,80.0,23.92,247.0,0.667,35.6,0.112,38.759,1.1554,44.781
ATHLETE_014,pushup,98.9,154.3,29,male,31.4,11,8,3,0.727,82.1,21.04,230.1,0.746,68.8,0.075,5.267,1.1113,5.854
ATHLETE_014,squat,98.9,154.3,29,male,188.0,84,74,10,0.881,141.0,26.8,280.2,1.282,16.4,0.05,25.66,1.4,35.924
ATHLETE_014,jumping_jack,98.9,154.3,29,male,153.6,57,49,8,0.86,116.6,22.26,244.8,0.972,13.4,0.645,25.798,1.2668,32.68
ATHLETE_014,squat,98.9,154.3,29,male,199.3,86,68,18,0.791,107.5,25.9,283.3,0.977,7.9,0.103,27.189,1.2691,34.506
ATHLETE_014,squat,98.9,154.3,29,male,47.6,19,14,5,0.737,97.5,23.93,220.1,0.886,12.2,0.16,6.501,1.1759,7.644
ATHLETE_014,squat,98.9,154.3,29,male,234.8,123,109,14,0.886,85.7,31.43,236.6,0.779,32.3,0.684,32.042,1.2478,39.981
ATHLETE_014,squat,98.9,154.3,29,male,22.8,10,7,3,0.7,115.2,26.35,223.2,1.047,15.1,0.704,3.107,1.2221,3.797
ATHLETE_014,squat,98.9,154.3,29,male,86.9,43,34,9,0.791,132.5,29.69,253.8,1.205,25.5,0.329,11.858,1.354,16.056
ATHLETE_014,squat,98.9,154.3,29,male,54.4,26,22,4,0.846,101.2,28.68,206.0,0.92,26.9,0.769,7.423,1.1493,8.531
ATHLETE_014,squat,98.9,154.3,29,male,159.0,71,53,18,0.746,103.7,26.8,212.5,0.943,12.5,0.246,21.693,1.1704,25.389
ATHLETE_014,pushup,98.9,154.3,29,male,31.6,13,10,3,0.769,97.8,24.68,203.7,0.889,81.0,0.34,5.307,1.1095,5.888
ATHLETE_014,squat,98.9,154.3,29,male,197.8,97,74,23,0.763,121.6,29.43,283.4,1.105,34.9,0.215,26.984,1.3702,36.973
ATHLETE_014,jumping_jack,98.9,154.3,29,male,75.4,38,28,10,0.737,114.0,30.24,306.9,0.95,11.7,0.198,12.662,1.265,16.018
ATHLETE_014,squat,98.9,154.3,29,male,68.5,25,21,4,0.84,143.0,21.91,216.6,1.3,10.3,0.845,9.343,1.2752,11.915
ATHLETE_014,pushup,98.9,154.3,29,male,48.4,23,19,4,0.826,120.9,28.51,215.0,1.099,82.7,0.804,8.128,1.2356,10.044
ATHLETE_014,jumping_jack,98.9,154.3,29,male,104.7,55,47,8,0.855,123.3,31.51,296.5,1.027,22.6,0.113,17.586,1.3258,23.315
ATHLETE_014,pushup,98.9,154.3,29,male,57.5,25,20,5,0.8,112.2,26.07,313.9,1.02,71.1,0.05,9.662,1.2629,12.202
ATHLETE_015,squat,56.9,184.0,18,male,34.1,9,5,4,0.556,102.6,15.82,197.9,0.933,14.4,0.938,4.196,0.9886,4.148
ATHLETE_015,jumping_jack,56.9,184.0,18,male,234.0,58,35,23,0.603,138.7,14.87,120.0,1.155,30.0,0.109,35.397,0.9509,33.66
ATHLETE_015,pushup,56.9,184.0,18,male,47.6,13,7,6,0.538,121.0,16.4,167.2,1.1,84.0,0.215,7.195,1.0099,7.266
ATHLETE_015,pushup,56.9,184.0,18,male,211.3,60,36,24,0.6,86.7,17.04,165.5,0.789,83.6,0.207,31.961,0.9281,29.662
ATHLETE_015,jumping_jack,56.9,184.0,18,male,62.3,13,8,5,0.615,123.9,12.51,181.8,1.033,4.5,0.277,9.433,0.9763,9.21
ATHLETE_015,jumping_jack,56.9,184.0,18,male,170.4,49,31,18,0.633,109.7,17.25,168.0,0.914,24.6,0.177,25.785,0.9618,24.8
ATHLETE_015,pushup,56.9,184.0,18,male,23.8,5,3,2,0.6,95.6,12.58,192.7,0.869,93.8,0.112,3.608,0.9384,3.386
ATHLETE_015,squat,56.9,184.0,18,male,117.0,27,17,10,0.63,120.7,13.85,197.6,1.097,22.6,0.117,14.377,1.0761,15.471
ATHLETE_015,squat,56.9,184.0,18,male,48.6,13,8,5,0.615,106.3,16.06,171.5,0.966,22.6,0.337,5.97,1.0005,5.973
ATHLETE_015,squat,56.9,184.0,18,male,35.6,9,5,4,0.556,104.0,15.18,230.1,0.945,19.2,0.05,4.373,1.1017,4.817
ATHLETE_015,jumping_jack,56.9,184.0,18,male,230.8,49,30,19,0.612,123.4,12.74,129.3,1.028,15.7,0.239,34.911,0.8768,30.609
ATHLETE_015,squat,56.9,184.0,18,male,126.4,26,17,9,0.654,115.5,12.34,131.2,1.05,23.6,0.299,15.536,0.8916,13.852
ATHLETE_015,squat,56.9,184.0,18,male,150.6,43,25,18,0.581,68.7,17.13,116.2,0.625,12.3,0.291,18.514,0.7929,14.679
ATHLETE_015,jumping_jack,56.9,184.0,18,male,120.7,28,18,10,0.643,122.8,13.92,113.7,1.023,22.0,0.403,18.263,0.8729,15.942
ATHLETE_015,pushup,56.9,184.0,18,male,86.3,19,11,8,0.579,101.6,13.2,126.0,0.923,81.7,0.05,13.064,0.8677,11.336
ATHLETE_015,jumping_jack,56.9,184.0,18,male,181.4,54,33,21,0.611,111.2,17.86,149.5,0.927,9.8,0.086,27.444,0.9112,25.007
ATHLETE_015,jumping_jack,56.9,184.0,18,male,23.9,5,2,3,0.4,121.6,12.56,80.0,1.013,18.2,0.146,3.614,0.8352,3.018
ATHLETE_015,squat,56.9,184.0,18,male,172.2,48,32,16,0.667,116.8,16.73,135.7,1.061,21.7,0.844,21.166,0.9271,19.623
ATHLETE_015,pushup,56.9,184.0,18,male,114.6,29,16,13,0.552,110.6,15.18,178.4,1.006,84.2,0.109,17.343,0.9854,17.089
ATHLETE_015,pushup,56.9,184.0,18,male,20.8,4,2,2,0.5,121.5,11.53,135.2,1.105,75.7,0.214,3.149,0.904,2.847
ATHLETE_015,pushup,56.9,184.0,18,male,201.1,47,29,18,0.617,131.4,14.03,101.7,1.194,83.0,0.6,30.419,0.9467,28.798
ATHLETE_015,pushup,56.9,184.0,18,male,197.2,43,25,18,0.581,86.2,13.08,184.4,0.783,85.8,0.348,29.836,0.927,27.658
ATHLETE_015,pushup,56.9,184.0,18,male,235.0,73,41,32,0.562,94.7,18.64,147.5,0.861,91.5,0.166,35.559,0.8885,31.592
ATHLETE_015,squat,56.9,184.0,18,male,40.4,10,5,5,0.5,135.2,14.87,162.5,1.229,23.2,0.455,4.961,0.9686,4.805
ATHLETE_015,jumping_jack,56.9,184.0,18,male,224.3,58,37,21,0.638,146.0,15.51,141.8,1.216,13.8,0.157,33.939,0.9695,32.902
ATHLETE_015,pushup,56.9,184.0,18,male,130.0,29,17,12,0.586,120.4,13.38,170.7,1.095,75.9,0.776,19.669,0.9508,18.701
ATHLETE_015,pushup,56.9,184.0,18,male,177.3,41,27,14,0.659,110.8,13.88,121.6,1.007,85.6,0.114,26.822,0.8937,23.971
ATHLETE_015,squat,56.9,184.0,18,male,66.5,19,11,8,0.579,83.8,17.13,158.8,0.762,17.9,0.503,8.178,0.9114,7.453
ATHLETE_015,jumping_jack,56.9,184.0,18,male,21.9,4,2,2,0.5,134.6,10.96,80.0,1.122,19.9,0.443,3.313,0.8875,2.94
ATHLETE_015,jumping_jack,56.9,184.0,18,male,213.2,50,33,17,0.66,93.2,14.07,143.3,0.777,13.6,0.05,32.248,0.8171,26.349
ATHLETE_015,pushup,56.9,184.0,18,male,111.4,26,17,9,0.654,94.6,14.0,226.2,0.86,73.4,0.345,16.86,1.0673,17.994
ATHLETE_015,pushup,56.9,184.0,18,male,239.0,62,37,25,0.597,117.9,15.56,162.5,1.072,83.2,0.444,36.165,1.0011,36.206
ATHLETE_015,jumping_jack,56.9,184.0,18,male,178.2,49,27,22,0.551,101.3,16.49,130.1,0.844,18.9,0.234,26.967,0.8826,23.802
ATHLETE_015,jumping_jack,56.9,184.0,18,male,160.2,48,28,20,0.583,90.2,17.98,152.0,0.752,18.0,0.221,24.231,0.8787,21.29
ATHLETE_015,pushup,56.9,184.0,18,male,223.8,63,37,26,0.587,90.4,16.89,159.2,0.822,90.2,0.05,33.866,0.8793,29.778
ATHLETE_015,jumping_jack,56.9,184.0,18,male,87.4,27,18,9,0.667,110.8,18.53,93.3,0.923,13.0,0.249,13.225,0.9072,11.998
ATHLETE_015,pushup,56.9,184.0,18,male,74.6,23,13,10,0.565,119.3,18.49,197.5,1.085,79.6,0.116,11.29,1.0695,12.075
ATHLETE_015,jumping_jack,56.9,184.0,18,male,71.6,15,9,6,0.6,112.5,12.58,166.5,0.938,27.6,0.055,10.825,0.9371,10.145
ATHLETE_015,jumping_jack,56.9,184.0,18,male,163.0,47,25,22,0.532,119.6,17.3,127.0,0.997,22.0,0.05,24.664,0.9156,22.583
ATHLETE_015,pushup,56.9,184.0,18,male,108.1,33,19,14,0.576,103.0,18.32,212.4,0.936,88.9,0.078,16.351,1.0922,17.859
ATHLETE_016,jumping_jack,94.7,192.5,26,male,130.6,53,41,12,0.774,83.8,24.35,310.2,0.698,26.8,0.385,24.482,1.1713,28.676
ATHLETE_016,pushup,94.7,192.5,26,male,130.7,65,48,17,0.738,111.2,29.84,239.7,1.011,86.1,0.332,24.506,1.3049,31.978
ATHLETE_016,pushup,94.7,192.5,26,male,38.4,18,14,4,0.778,78.6,28.1,293.3,0.714,89.9,0.081,7.206,1.2002,8.649
ATHLETE_016,squat,94.7,192.5,26,male,210.6,96,74,22,0.771,94.8,27.35,300.3,0.862,19.0,0.208,32.085,1.2424,39.861
ATHLETE_016,squat,94.7,192.5,26,male,23.5,11,8,3,0.727,109.3,28.08,294.1,0.993,17.8,0.135,3.58,1.2719,4.554
ATHLETE_016,squat,94.7,192.5,26,male,212.2,82,65,17,0.793,88.1,23.18,282.1,0.801,10.5,0.422,32.327,1.1808,38.171
ATHLETE_016,jumping_jack,94.7,192.5,26,male,207.7,97,65,32,0.67,111.9,28.02,225.0,0.933,9.0,0.264,38.941,1.1779,45.869
ATHLETE_016,squat,94.7,192.5,26,male,206.6,93,68,25,0.731,124.4,27.01,272.1,1.131,17.3,0.142,31.473,1.3544,42.629
ATHLETE_016,pushup,94.7,192.5,26,male,179.7,95,76,19,0.8,115.0,31.71,357.0,1.045,88.1,0.519,33.698,1.3366,45.04
ATHLETE_016,jumping_jack,94.7,192.5,26,male,87.1,34,25,9,0.735,122.8,23.42,205.1,1.023,3.6,0.208,16.334,1.1757,19.204
ATHLETE_016,squat,94.7,192.5,26,male,92.3,38,26,12,0.684,74.9,24.69,272.6,0.681,17.3,0.382,14.065,1.1432,16.079
ATHLETE_016,squat,94.7,192.5,26,male,112.2,56,40,16,0.714,81.6,29.96,283.8,0.742,17.2,0.726,17.087,1.2196,20.838
ATHLETE_016,squat,94.7,192.5,26,male,200.6,88,61,27,0.693,88.4,26.32,241.2,0.803,7.3,0.05,30.559,1.1989,36.637
ATHLETE_016,pushup,94.7,192.5,26,male,148.3,73,52,21,0.712,104.3,29.53,303.6,0.948,80.7,0.457,27.808,1.2771,35.515
ATHLETE_016,squat,94.7,192.5,26,male,31.4,12,8,4,0.667,105.3,22.9,325.5,0.958,13.5,0.117,4.79,1.2024,5.76
ATHLETE_016,pushup,94.7,192.5,26,male,64.2,33,22,11,0.667,120.6,30.86,220.4,1.097,95.0,0.05,12.029,1.2939,15.564
ATHLETE_016,jumping_jack,94.7,192.5,26,male,196.4,88,63,25,0.716,103.9,26.88,290.1,0.866,0.0,0.343,36.823,1.2895,47.485
ATHLETE_016,jumping_jack,94.7,192.5,26,male,58.5,28,19,9,0.679,114.8,28.73,335.9,0.956,11.7,0.479,10.963,1.2834,14.071
ATHLETE_016,jumping_jack,94.7,192.5,26,male,49.9,25,17,8,0.68,95.2,30.04,244.3,0.793,9.1,0.235,9.362,1.2042,11.273
ATHLETE_016,pushup,94.7,192.5,26,male,65.0,30,23,7,0.767,98.2,27.68,207.9,0.893,78.3,0.061,12.194,1.1331,13.817
ATHLETE_016,squat,94.7,192.5,26,male,135.9,63,43,20,0.683,94.5,27.81,237.8,0.859,9.3,0.05,20.709,1.2309,25.49
ATHLETE_016,squat,94.7,192.5,26,male,24.8,12,9,3,0.75,92.2,28.99,258.8,0.838,23.6,0.36,3.783,1.2225,4.625
ATHLETE_016,squat,94.7,192.5,26,male,240.0,87,66,21,0.759,105.4,21.75,307.3,0.958,26.9,0.914,36.555,1.2023,43.95
ATHLETE_016,jumping_jack,94.7,192.5,26,male,94.2,41,27,14,0.659,94.8,26.12,273.0,0.79,6.5,0.519,17.659,1.157,20.431
ATHLETE_016,pushup,94.7,192.5,26,male,78.9,36,27,9,0.75,85.1,27.36,212.6,0.774,81.3,0.05,14.802,1.1608,17.182
ATHLETE_016,pushup,94.7,192.5,26,male,46.7,25,19,6,0.76,126.5,32.12,208.2,1.15,85.9,0.067,8.756,1.2919,11.312
ATHLETE_016,squat,94.7,192.5,26,male,233.9,92,66,26,0.717,74.2,23.6,225.9,0.674,11.1,0.087,35.625,1.1132,39.656
ATHLETE_016,jumping_jack,94.7,192.5,26,male,182.9,91,69,22,0.758,122.1,29.85,255.8,1.017,16.4,0.218,34.294,1.3216,45.322
ATHLETE_016,jumping_jack,94.7,192.5,26,male,83.2,35,23,12,0.657,106.2,25.25,269.7,0.885,21.9,1.2,15.595,1.2223,19.062
ATHLETE_016,squat,94.7,192.5,26,male,124.1,56,38,18,0.679,119.6,27.08,270.3,1.087,25.8,0.99,18.898,1.2907,24.392
ATHLETE_016,squat,94.7,192.5,26,male,224.2,84,63,21,0.75,133.3,22.48,309.7,1.212,14.1,0.65,34.16,1.2729,43.482
ATHLETE_016,jumping_jack,94.7,192.5,26,male,201.9,94,73,21,0.777,97.5,27.93,296.8,0.812,28.5,0.198,37.856,1.234,46.713
ATHLETE_016,pushup,94.7,192.5,26,male,38.7,16,12,4,0.75,121.2,24.79,230.9,1.102,77.6,0.05,7.262,1.3075,9.495
ATHLETE_016,jumping_jack,94.7,192.5,26,male,126.8,64,46,18,0.719,76.7,30.29,240.0,0.639,23.5,0.579,23.766,1.1216,26.656
ATHLETE_016,pushup,94.7,192.5,26,male,215.5,97,75,22,0.773,86.2,27.01,228.1,0.783,87.2,0.132,40.404,1.1472,46.35
ATHLETE_016,pushup,94.7,192.5,26,male,26.4,12,8,4,0.667,69.9,27.23,297.2,0.635,84.1,0.22,4.958,1.1537,5.721
ATHLETE_016,pushup,94.7,192.5,26,male,72.2,39,28,11,0.718,95.6,32.39,217.4,0.869,95.0,0.807,13.545,1.1827,16.021
ATHLETE_016,jumping_jack,94.7,192.5,26,male,162.0,78,62,16,0.795,100.8,28.9,268.4,0.84,32.8,0.05,30.364,1.2691,38.536
ATHLETE_016,jumping_jack,94.7,192.5,26,male,28.3,13,10,3,0.769,114.8,27.6,290.6,0.956,25.3,0.392,5.298,1.2739,6.749
ATHLETE_016,pushup,94.7,192.5,26,male,122.5,49,36,13,0.735,142.1,24.01,230.1,1.292,76.7,0.245,22.96,1.2797,29.381
ATHLETE_017,jumping_jack,96.0,183.2,26,male,216.3,106,67,39,0.632,109.2,29.41,313.2,0.91,30.5,0.352,39.647,1.2696,50.334
ATHLETE_017,pushup,96.0,183.2,26,male,237.9,97,61,36,0.629,93.5,24.46,204.3,0.85,88.4,0.749,43.623,1.1103,48.434
ATHLETE_017,pushup,96.0,183.2,26,male,148.3,79,51,28,0.646,97.3,31.97,271.7,0.885,71.6,0.483,27.184,1.2292,33.415
ATHLETE_017,jumping_jack,96.0,183.2,26,male,97.5,50,30,20,0.6,108.0,30.77,224.0,0.9,25.9,0.502,17.873,1.1953,21.363
ATHLETE_017,squat,96.0,183.2,26,male,237.4,105,60,45,0.571,97.3,26.53,214.1,0.884,13.8,0.313,35.369,1.1549,40.849
ATHLETE_017,squat,96.0,183.2,26,male,181.6,73,46,27,0.63,107.6,24.11,247.0,0.979,11.1,1.081,27.058,1.2617,34.14
ATHLETE_017,pushup,96.0,183.2,26,male,136.5,55,31,24,0.564,120.3,24.18,352.3,1.093,84.9,0.05,25.025,1.2629,31.604
ATHLETE_017,squat,96.0,183.2,26,male,152.9,56,32,24,0.571,104.5,21.98,252.7,0.95,14.9,0.447,22.77,1.1883,27.058
ATHLETE_017,jumping_jack,96.0,183.2,26,male,29.0,12,7,5,0.583,119.6,24.79,275.5,0.997,26.5,0.05,5.324,1.2128,6.457
ATHLETE_017,jumping_jack,96.0,183.2,26,male,35.5,18,12,6,0.667,132.5,30.4,288.5,1.104,22.0,0.438,6.512,1.3307,8.666
ATHLETE_017,squat,96.0,183.2,26,male,185.8,88,56,32,0.636,118.4,28.41,303.4,1.077,8.5,0.182,27.681,1.3326,36.888
ATHLETE_017,jumping_jack,96.0,183.2,26,male,62.9,28,19,9,0.679,91.8,26.72,204.5,0.765,26.0,0.124,11.525,1.1262,12.98
ATHLETE_017,squat,96.0,183.2,26,male,72.4,31,19,12,0.613,101.1,25.69,303.0,0.919,20.6,1.153,10.786,1.1866,12.798
ATHLETE_017,jumping_jack,96.0,183.2,26,male,37.6,16,9,7,0.562,116.7,25.52,274.4,0.972,23.5,0.05,6.896,1.2423,8.567
ATHLETE_017,pushup,96.0,183.2,26,male,206.0,104,65,39,0.625,114.1,30.29,255.2,1.037,81.4,0.083,37.769,1.282,48.42
ATHLETE_017,squat,96.0,183.2,26,male,231.2,111,76,35,0.685,119.8,28.81,302.6,1.089,18.2,0.684,34.432,1.2986,44.713
ATHLETE_017,pushup,96.0,183.2,26,male,218.4,115,65,50,0.565,102.4,31.6,263.6,0.931,91.0,0.216,40.033,1.2555,50.262
ATHLETE_017,jumping_jack,96.0,183.2,26,male,157.2,84,53,31,0.631,118.4,32.07,197.7,0.987,10.8,0.476,28.811,1.1799,33.994
ATHLETE_017,jumping_jack,96.0,183.2,26,male,93.5,42,27,15,0.643,98.1,26.95,320.1,0.818,12.1,0.301,17.142,1.1838,20.293
ATHLETE_017,pushup,96.0,183.2,26,male,61.8,31,18,13,0.581,83.3,30.1,315.1,0.757,87.6,0.211,11.327,1.2286,13.917
ATHLETE_017,pushup,96.0,183.2,26,male,37.1,18,12,6,0.667,91.5,29.08,222.2,0.832,92.9,0.996,6.808,1.1815,8.044
ATHLETE_017,jumping_jack,96.0,183.2,26,male,212.2,95,59,36,0.621,136.7,26.86,238.7,1.139,12.1,0.154,38.91,1.2765,49.667
ATHLETE_017,squat,96.0,183.2,26,male,86.4,37,25,12,0.676,90.5,25.7,303.4,0.823,17.4,0.887,12.865,1.1822,15.209
ATHLETE_017,pushup,96.0,183.2,26,male,118.2,54,37,17,0.685,106.2,27.41,219.2,0.966,71.5,0.597,21.67,1.199,25.982
ATHLETE_017,jumping_jack,96.0,183.2,26,male,63.0,23,14,9,0.609,116.9,21.91,256.3,0.974,36.5,0.312,11.546,1.2087,13.956
ATHLETE_017,jumping_jack,96.0,183.2,26,male,130.4,64,37,27,0.578,106.7,29.45,181.8,0.889,30.6,0.066,23.902,1.0786,25.781
ATHLETE_017,squat,96.0,183.2,26,male,172.4,79,52,27,0.658,87.1,27.49,262.0,0.792,22.5,0.357,25.686,1.245,31.978
ATHLETE_017,pushup,96.0,183.2,26,male,219.5,102,58,44,0.569,130.6,27.88,260.1,1.187,84.8,0.788,40.244,1.3554,54.547
ATHLETE_017,jumping_jack,96.0,183.2,26,male,129.5,52,34,18,0.654,89.7,24.1,260.2,0.748,3.7,0.196,23.734,1.1193,26.566
ATHLETE_017,squat,96.0,183.2,26,male,134.7,52,29,23,0.558,111.7,23.17,329.5,1.015,29.1,0.172,20.059,1.2016,24.102
ATHLETE_017,pushup,96.0,183.2,26,male,216.6,107,65,42,0.607,93.6,29.64,287.2,0.851,82.1,0.577,39.705,1.2035,47.787
ATHLETE_017,pushup,96.0,183.2,26,male,29.2,14,8,6,0.571,113.1,28.8,355.2,1.028,89.6,0.489,5.346,1.2621,6.748
ATHLETE_017,jumping_jack,96.0,183.2,26,male,88.1,42,23,19,0.548,87.5,28.62,226.8,0.729,13.8,0.546,16.145,1.1311,18.261
ATHLETE_017,squat,96.0,183.2,26,male,111.4,45,27,18,0.6,134.3,24.25,265.9,1.221,30.0,0.169,16.588,1.2525,20.777
ATHLETE_017,pushup,96.0,183.2,26,male,145.7,72,44,28,0.611,98.1,29.66,205.6,0.892,95.0,0.818,26.706,1.1601,30.981
ATHLETE_017,pushup,96.0,183.2,26,male,71.1,34,22,12,0.647,100.3,28.71,308.8,0.911,84.0,0.092,13.027,1.2242,15.948
ATHLETE_017,pushup,96.0,183.2,26,male,150.1,78,53,25,0.679,127.6,31.18,283.8,1.16,85.3,0.683,27.516,1.3417,36.917
ATHLETE_017,jumping_jack,96.0,183.2,26,male,121.1,48,33,15,0.688,96.3,23.78,255.2,0.802,25.2,0.05,22.205,1.1752,26.096
ATHLETE_017,jumping_jack,96.0,183.2,26,male,117.2,45,30,15,0.667,124.4,23.03,312.9,1.036,23.6,0.749,21.49,1.2578,27.03
ATHLETE_017,pushup,96.0,183.2,26,male,36.3,19,11,8,0.579,112.3,31.41,209.8,1.021,80.7,0.05,6.654,1.1913,7.927
ATHLETE_018,squat,75.8,191.8,51,male,194.4,77,69,8,0.896,111.7,23.76,194.4,1.015,14.0,0.714,24.972,1.1507,28.737
ATHLETE_018,squat,75.8,191.8,51,male,31.0,11,9,2,0.818,117.7,21.31,145.6,1.07,18.2,0.281,3.978,0.9849,3.918
ATHLETE_018,jumping_jack,75.8,191.8,51,male,89.5,33,29,4,0.879,117.0,22.12,245.8,0.975,15.7,0.178,14.149,1.2756,18.049
ATHLETE_018,pushup,75.8,191.8,51,male,171.4,52,40,12,0.769,135.2,18.2,245.7,1.229,89.6,0.544,27.102,1.2149,32.925
ATHLETE_018,pushup,75.8,191.8,51,male,182.7,60,47,13,0.783,122.2,19.71,180.0,1.111,84.1,0.05,28.879,1.1255,32.505
ATHLETE_018,squat,75.8,191.8,51,male,225.9,80,69,11,0.863,116.9,21.25,233.9,1.063,11.5,1.146,29.011,1.2563,36.447
ATHLETE_018,squat,75.8,191.8,51,male,39.6,13,11,2,0.846,126.8,19.71,152.2,1.153,9.4,0.32,5.084,0.994,5.053
ATHLETE_018,squat,75.8,191.8,51,male,208.1,69,55,14,0.797,118.9,19.89,261.6,1.081,20.2,0.465,26.731,1.2279,32.822
ATHLETE_018,pushup,75.8,191.8,51,male,220.1,79,58,21,0.734,105.5,21.53,176.7,0.959,78.1,0.069,34.796,1.0147,35.308
ATHLETE_018,pushup,75.8,191.8,51,male,230.8,78,58,20,0.744,79.2,20.28,245.4,0.72,83.4,0.075,36.479,1.1511,41.991
ATHLETE_018,squat,75.8,191.8,51,male,189.1,58,50,8,0.862,94.0,18.4,168.5,0.855,25.5,0.94,24.292,0.9918,24.093
ATHLETE_018,squat,75.8,191.8,51,male,43.4,16,13,3,0.812,106.9,22.13,279.7,0.971,30.1,0.494,5.572,1.2372,6.894
ATHLETE_018,pushup,75.8,191.8,51,male,217.2,83,60,23,0.723,91.8,22.93,143.0,0.834,79.5,0.05,34.331,0.9222,31.66
ATHLETE_018,jumping_jack,75.8,191.8,51,male,187.8,71,56,15,0.789,129.3,22.68,182.8,1.078,26.3,0.05,29.692,1.1119,33.014
ATHLETE_018,jumping_jack,75.8,191.8,51,male,223.9,81,64,17,0.79,128.0,21.7,245.5,1.067,12.6,0.585,35.401,1.2653,44.794
ATHLETE_018,jumping_jack,75.8,191.8,51,male,66.3,23,19,4,0.826,112.2,20.83,188.2,0.935,30.7,0.356,10.475,1.1024,11.547
ATHLETE_018,squat,75.8,191.8,51,male,163.9,56,42,14,0.75,103.2,20.5,182.5,0.938,20.7,0.169,21.051,1.0388,21.868
ATHLETE_018,squat,75.8,191.8,51,male,88.2,33,29,4,0.879,99.1,22.45,209.5,0.901,32.1,0.051,11.33,1.1578,13.117
ATHLETE_018,pushup,75.8,191.8,51,male,176.4,71,61,10,0.859,109.8,24.15,198.1,0.998,84.4,0.765,27.885,1.139,31.761
ATHLETE_018,squat,75.8,191.8,51,male,139.0,50,42,8,0.84,105.2,21.59,226.1,0.956,24.2,0.36,17.849,1.1942,21.316
ATHLETE_018,jumping_jack,75.8,191.8,51,male,112.8,41,36,5,0.878,109.1,21.81,244.0,0.909,34.9,0.664,17.832,1.2523,22.332
ATHLETE_018,jumping_jack,75.8,191.8,51,male,56.8,18,14,4,0.778,121.0,19.0,176.2,1.008,34.4,0.152,8.986,1.0491,9.427
ATHLETE_018,pushup,75.8,191.8,51,male,205.4,64,51,13,0.797,84.4,18.7,201.5,0.767,78.7,0.05,32.464,1.0258,33.3
ATHLETE_018,squat,75.8,191.8,51,male,217.2,71,57,14,0.803,119.0,19.61,224.8,1.082,25.8,0.174,27.895,1.1813,32.954
ATHLETE_018,pushup,75.8,191.8,51,male,188.7,60,47,13,0.783,92.2,19.08,182.0,0.838,91.0,0.115,29.829,1.0027,29.91
ATHLETE_018,squat,75.8,191.8,51,male,176.0,48,35,13,0.729,100.6,16.36,217.1,0.915,13.0,0.685,22.607,1.1197,25.313
ATHLETE_018,pushup,75.8,191.8,51,male,152.8,52,38,14,0.731,104.0,20.41,209.3,0.946,88.5,0.117,24.161,1.099,26.552
ATHLETE_018,squat,75.8,191.8,51,male,149.1,49,42,7,0.857,98.5,19.72,146.6,0.895,36.3,0.536,19.149,0.9654,18.487
ATHLETE_018,pushup,75.8,191.8,51,male,131.3,36,32,4,0.889,108.3,16.45,187.1,0.984,90.1,0.051,20.752,1.0802,22.417
ATHLETE_018,jumping_jack,75.8,191.8,51,male,213.2,73,65,8,0.89,80.9,20.54,95.9,0.674,21.7,0.099,33.706,0.8861,29.866
ATHLETE_018,pushup,75.8,191.8,51,male,108.9,36,26,10,0.722,96.2,19.84,145.2,0.875,78.7,0.144,17.211,0.9673,16.648
ATHLETE_018,squat,75.8,191.8,51,male,73.3,29,23,6,0.793,101.6,23.74,206.0,0.924,15.3,0.216,9.415,1.1082,10.434
ATHLETE_018,squat,75.8,191.8,51,male,162.6,44,37,7,0.841,79.4,16.24,238.3,0.722,21.8,0.05,20.883,1.116,23.305
ATHLETE_018,squat,75.8,191.8,51,male,150.3,58,42,16,0.724,111.3,23.15,195.4,1.011,20.9,0.106,19.311,1.1349,21.915
ATHLETE_018,jumping_jack,75.8,191.8,51,male,126.9,46,37,9,0.804,109.6,21.74,198.9,0.913,13.0,0.542,20.065,1.1167,22.407
ATHLETE_018,jumping_jack,75.8,191.8,51,male,34.5,12,9,3,0.75,132.7,20.88,208.4,1.106,15.9,0.05,5.451,1.1143,6.074
ATHLETE_018,pushup,75.8,191.8,51,male,125.3,37,31,6,0.838,106.4,17.72,235.1,0.967,95.0,0.05,19.81,1.1931,23.635
ATHLETE_018,jumping_jack,75.8,191.8,51,male,210.7,75,63,12,0.84,120.3,21.36,188.7,1.003,21.6,0.445,33.309,1.1064,36.854
ATHLETE_018,squat,75.8,191.8,51,male,131.2,37,29,8,0.784,84.5,16.92,230.5,0.768,26.6,0.307,16.857,1.0844,18.279
ATHLETE_018,jumping_jack,75.8,191.8,51,male,134.0,45,35,10,0.778,142.8,20.14,224.8,1.19,34.2,0.421,21.188,1.2147,25.737
ATHLETE_019,jumping_jack,89.7,152.6,23,female,98.4,24,23,1,0.958,103.3,14.63,248.8,0.861,6.9,1.2,14.348,1.1386,16.336
ATHLETE_019,pushup,89.7,152.6,23,female,191.6,62,52,10,0.839,107.2,19.41,202.8,0.975,85.3,0.325,27.938,1.0682,29.844
ATHLETE_019,jumping_jack,89.7,152.6,23,female,44.9,14,13,1,0.929,116.7,18.72,180.9,0.972,13.1,0.219,6.542,1.0564,6.911
ATHLETE_019,squat,89.7,152.6,23,female,228.4,63,52,11,0.825,87.9,16.55,178.4,0.799,15.5,0.169,27.058,0.953,25.786
ATHLETE_019,squat,89.7,152.6,23,female,227.6,77,74,3,0.961,100.0,20.3,183.5,0.909,20.2,1.2,26.96,1.0725,28.914
ATHLETE_019,pushup,89.7,152.6,23,female,48.9,13,12,1,0.923,101.8,15.94,175.9,0.926,80.3,0.275,7.136,1.0206,7.283
ATHLETE_019,jumping_jack,89.7,152.6,23,female,100.9,25,23,2,0.92,123.0,14.86,153.5,1.025,20.5,0.416,14.715,0.9764,14.368
ATHLETE_019,pushup,89.7,152.6,23,female,30.4,9,8,1,0.889,111.0,17.79,161.8,1.009,88.6,0.135,4.426,1.0127,4.482
ATHLETE_019,squat,89.7,152.6,23,female,75.9,26,25,1,0.962,121.0,20.56,157.6,1.1,6.3,0.478,8.99,1.0455,9.399
ATHLETE_019,pushup,89.7,152.6,23,female,62.1,17,15,2,0.882,81.9,16.42,138.0,0.745,85.8,0.05,9.058,0.8864,8.029
ATHLETE_019,squat,89.7,152.6,23,female,212.5,57,46,11,0.807,114.1,16.09,226.2,1.037,15.0,0.053,25.173,1.1705,29.465
ATHLETE_019,pushup,89.7,152.6,23,female,136.0,45,43,2,0.956,71.9,19.85,200.6,0.654,85.4,0.05,19.836,1.0505,20.837
ATHLETE_019,pushup,89.7,152.6,23,female,55.4,19,15,4,0.789,67.1,20.59,169.4,0.61,77.8,0.197,8.071,0.9371,7.563
ATHLETE_019,pushup,89.7,152.6,23,female,215.3,51,49,2,0.961,95.9,14.21,206.6,0.872,85.2,0.126,31.391,1.0879,34.15
ATHLETE_019,jumping_jack,89.7,152.6,23,female,21.2,6,5,1,0.833,97.2,16.99,185.9,0.81,26.4,0.093,3.089,1.0007,3.091
ATHLETE_019,squat,89.7,152.6,23,female,126.1,40,32,8,0.8,95.0,19.03,155.2,0.864,13.7,0.298,14.94,0.968,14.463
ATHLETE_019,pushup,89.7,152.6,23,female,61.4,14,11,3,0.786,125.8,13.67,178.0,1.143,77.5,0.05,8.959,1.0093,9.042
ATHLETE_019,jumping_jack,89.7,152.6,23,female,120.1,34,31,3,0.912,110.9,16.99,192.3,0.924,20.0,0.275,17.509,1.0581,18.526
ATHLETE_019,squat,89.7,152.6,23,female,36.7,11,9,2,0.818,120.8,17.97,213.1,1.098,13.8,0.372,4.35,1.1506,5.005
ATHLETE_019,jumping_jack,89.7,152.6,23,female,206.9,60,52,8,0.867,156.0,17.4,168.7,1.3,28.8,0.05,30.168,1.1143,33.615
ATHLETE_019,squat,89.7,152.6,23,female,85.6,22,18,4,0.818,82.8,15.41,151.4,0.753,29.2,0.244,10.144,0.9149,9.281
ATHLETE_019,squat,89.7,152.6,23,female,237.2,71,66,5,0.93,93.8,17.96,166.9,0.853,34.9,0.05,28.095,0.9763,27.428
ATHLETE_019,squat,89.7,152.6,23,female,149.6,45,42,3,0.933,100.2,18.04,184.5,0.911,27.4,0.057,17.727,1.0275,18.215
ATHLETE_019,squat,89.7,152.6,23,female,109.0,30,25,5,0.833,110.4,16.51,134.9,1.004,8.1,0.103,12.912,0.901,11.634
ATHLETE_019,pushup,89.7,152.6,23,female,87.1,27,26,1,0.963,89.2,18.61,155.4,0.81,87.2,0.205,12.694,0.9461,12.01
ATHLETE_019,squat,89.7,152.6,23,female,163.7,41,37,4,0.902,132.9,15.03,183.7,1.208,12.2,0.071,19.391,1.1261,21.837
ATHLETE_019,squat,89.7,152.6,23,female,66.3,15,14,1,0.933,93.7,13.58,152.3,0.851,14.8,0.357,7.852,0.9186,7.212
ATHLETE_019,pushup,89.7,152.6,23,female,49.5,15,12,3,0.8,112.6,18.17,238.6,1.023,91.3,0.05,7.221,1.1834,8.545
ATHLETE_019,pushup,89.7,152.6,23,female,216.4,62,57,5,0.919,89.4,17.19,176.5,0.813,84.4,1.2,31.547,1.0047,31.697
ATHLETE_019,squat,89.7,152.6,23,female,100.8,34,29,5,0.853,81.4,20.24,123.5,0.74,23.6,0.333,11.941,0.9193,10.977
ATHLETE_019,pushup,89.7,152.6,23,female,84.1,23,19,4,0.826,105.4,16.41,165.5,0.958,91.4,0.053,12.263,1.0022,12.29
ATHLETE_019,pushup,89.7,152.6,23,female,211.7,61,52,9,0.852,101.5,17.29,138.3,0.922,64.5,0.397,30.872,0.9265,28.603
ATHLETE_019,pushup,89.7,152.6,23,female,198.9,69,66,3,0.957,89.7,20.82,195.1,0.816,78.0,0.324,28.998,1.0687,30.99
ATHLETE_019,pushup,89.7,152.6,23,female,207.1,53,49,4,0.925,125.2,15.36,182.4,1.138,90.2,0.188,30.191,1.0974,33.132
ATHLETE_019,squat,89.7,152.6,23,female,214.4,64,53,11,0.828,103.9,17.91,122.7,0.945,3.1,0.279,25.401,0.9322,23.679
ATHLETE_019,pushup,89.7,152.6,23,female,193.1,46,40,6,0.87,143.0,14.29,186.5,1.3,78.3,0.332,28.159,1.1355,31.974
ATHLETE_019,pushup,89.7,152.6,23,female,80.3,26,22,4,0.846,92.2,19.43,125.6,0.839,83.1,0.213,11.706,0.9249,10.827
ATHLETE_019,pushup,89.7,152.6,23,female,193.6,53,46,7,0.868,84.1,16.43,161.8,0.765,86.1,1.2,28.225,0.9251,26.111
ATHLETE_019,squat,89.7,152.6,23,female,231.5,67,56,11,0.836,106.8,17.37,197.9,0.971,21.4,0.243,27.423,1.0702,29.349
ATHLETE_019,pushup,89.7,152.6,23,female,158.7,45,37,8,0.822,143.0,17.01,208.1,1.3,89.8,0.382,23.143,1.2,27.771
ATHLETE_020,squat,58.0,186.0,29,male,85.6,36,26,10,0.722,104.2,25.24,295.4,0.947,31.0,0.162,10.318,1.2608,13.009
ATHLETE_020,squat,58.0,186.0,29,male,20.3,7,5,2,0.714,90.8,20.71,330.5,0.825,21.3,0.05,2.446,1.1997,2.934
ATHLETE_020,squat,58.0,186.0,29,male,227.7,83,69,14,0.831,96.7,21.87,309.9,0.879,26.1,0.127,27.454,1.1878,32.61
ATHLETE_020,jumping_jack,58.0,186.0,29,male,58.9,27,22,5,0.815,134.7,27.52,226.2,1.123,23.7,0.144,8.737,1.2719,11.112
ATHLETE_020,jumping_jack,58.0,186.0,29,male,152.6,62,51,11,0.823,112.2,24.39,311.8,0.935,20.9,0.05,22.64,1.24,28.074
ATHLETE_020,pushup,58.0,186.0,29,male,233.7,102,85,17,0.833,85.1,26.19,276.7,0.773,86.1,0.368,34.678,1.2583,43.634
ATHLETE_020,pushup,58.0,186.0,29,male,116.9,60,48,12,0.8,143.0,30.8,259.2,1.3,82.5,0.138,17.348,1.3943,24.188
ATHLETE_020,pushup,58.0,186.0,29,male,48.3,22,18,4,0.818,84.9,27.32,247.9,0.772,90.6,0.05,7.172,1.2485,8.954
ATHLETE_020,pushup,58.0,186.0,29,male,90.3,41,28,13,0.683,114.2,27.24,294.3,1.038,91.6,0.387,13.403,1.3084,17.536
ATHLETE_020,pushup,58.0,186.0,29,male,54.4,27,21,6,0.778,96.4,29.77,297.8,0.877,94.1,0.05,8.075,1.2376,9.994
ATHLETE_020,pushup,58.0,186.0,29,male,172.4,88,65,23,0.739,110.1,30.62,321.3,1.001,85.6,0.255,25.588,1.3338,34.129
ATHLETE_020,squat,58.0,186.0,29,male,225.5,101,74,27,0.733,108.9,26.87,263.7,0.99,22.4,0.284,27.196,1.2422,33.783
ATHLETE_020,jumping_jack,58.0,186.0,29,male,40.6,20,16,4,0.8,93.7,29.55,230.5,0.781,17.3,0.315,6.026,1.2239,7.375
ATHLETE_020,jumping_jack,58.0,186.0,29,male,47.9,21,17,4,0.81,108.8,26.3,285.7,0.907,15.5,0.05,7.11,1.2617,8.97
ATHLETE_020,jumping_jack,58.0,186.0,29,male,98.2,36,25,11,0.694,141.9,22.0,280.0,1.182,29.8,0.05,14.568,1.2895,18.786
ATHLETE_020,squat,58.0,186.0,29,male,116.2,47,37,10,0.787,91.4,24.27,283.9,0.831,16.0,0.183,14.009,1.2094,16.942
ATHLETE_020,pushup,58.0,186.0,29,male,21.2,10,8,2,0.8,116.1,28.33,264.5,1.055,95.0,0.053,3.143,1.3907,4.371
ATHLETE_020,pushup,58.0,186.0,29,male,198.2,74,58,16,0.784,94.8,22.4,276.9,0.862,75.9,0.466,29.419,1.2074,35.521
ATHLETE_020,jumping_jack,58.0,186.0,29,male,121.9,56,40,16,0.714,98.4,27.55,306.0,0.82,12.4,0.408,18.098,1.2275,22.214
ATHLETE_020,pushup,58.0,186.0,29,male,215.7,97,76,21,0.784,108.5,26.99,271.9,0.987,94.6,0.05,32.004,1.3367,42.778
ATHLETE_020,pushup,58.0,186.0,29,male,106.1,51,40,11,0.784,80.7,28.83,297.7,0.734,78.4,0.444,15.752,1.2042,18.969
ATHLETE_020,squat,58.0,186.0,29,male,123.4,63,46,17,0.73,116.1,30.63,315.8,1.055,16.8,0.944,14.879,1.3664,20.331
ATHLETE_020,squat,58.0,186.0,29,male,26.8,13,9,4,0.692,104.2,29.12,292.7,0.948,24.7,0.05,3.229,1.2651,4.086
ATHLETE_020,pushup,58.0,186.0,29,male,106.2,43,36,7,0.837,115.3,24.29,274.3,1.049,81.5,0.678,15.766,1.2812,20.199
ATHLETE_020,pushup,58.0,186.0,29,male,71.4,28,19,9,0.679,92.7,23.53,256.7,0.842,87.5,0.675,10.594,1.1694,12.389
ATHLETE_020,jumping_jack,58.0,186.0,29,male,24.6,9,6,3,0.667,111.1,21.95,236.7,0.926,20.7,0.102,3.651,1.149,4.195
ATHLETE_020,pushup,58.0,186.0,29,male,163.7,60,47,13,0.783,105.4,21.99,290.2,0.958,88.7,0.675,24.298,1.2707,30.876
ATHLETE_020,jumping_jack,58.0,186.0,29,male,60.5,26,19,7,0.731,96.3,25.77,260.1,0.802,36.6,0.081,8.983,1.2069,10.841
ATHLETE_020,squat,58.0,186.0,29,male,172.2,73,60,13,0.822,76.0,25.43,337.1,0.691,19.5,0.602,20.765,1.1557,23.998
ATHLETE_020,jumping_jack,58.0,186.0,29,male,210.6,76,63,13,0.829,119.8,21.65,239.4,0.998,25.4,0.251,31.256,1.233,38.54
ATHLETE_020,pushup,58.0,186.0,29,male,112.6,48,35,13,0.729,99.6,25.57,256.2,0.905,80.6,0.155,16.717,1.2046,20.137
ATHLETE_020,jumping_jack,58.0,186.0,29,male,151.9,75,61,14,0.813,132.5,29.62,213.1,1.104,8.2,0.172,22.548,1.2679,28.589
ATHLETE_020,squat,58.0,186.0,29,male,31.9,14,10,4,0.714,96.2,26.34,288.4,0.874,7.2,0.179,3.845,1.2022,4.623
ATHLETE_020,pushup,58.0,186.0,29,male,130.8,65,49,16,0.754,124.3,29.82,267.7,1.13,84.3,0.104,19.409,1.4,27.173
ATHLETE_020,jumping_jack,58.0,186.0,29,male,146.9,58,42,16,0.724,105.8,23.68,313.7,0.882,28.4,0.186,21.807,1.2054,26.286
ATHLETE_020,jumping_jack,58.0,186.0,29,male,115.1,55,43,12,0.782,108.6,28.67,322.0,0.905,37.4,0.05,17.08,1.2589,21.502
ATHLETE_020,jumping_jack,58.0,186.0,29,male,176.7,68,48,20,0.706,103.1,23.1,286.2,0.859,24.3,0.318,26.217,1.2051,31.593
ATHLETE_020,jumping_jack,58.0,186.0,29,male,77.8,29,22,7,0.759,81.5,22.38,307.0,0.679,2.2,0.359,11.539,1.1234,12.962
ATHLETE_020,pushup,58.0,186.0,29,male,66.1,25,21,4,0.84,114.9,22.69,307.7,1.044,76.8,0.05,9.809,1.2625,12.384
ATHLETE_020,jumping_jack,58.0,186.0,29,male,32.6,16,12,4,0.75,131.4,29.48,286.1,1.095,17.1,0.05,4.833,1.3578,6.563
ATHLETE_021,jumping_jack,76.8,179.9,22,male,77.0,18,12,6,0.667,109.7,14.02,202.0,0.914,17.7,0.11,12.751,1.0272,13.097
ATHLETE_021,squat,76.8,179.9,22,male,64.1,16,13,3,0.812,99.2,14.98,127.5,0.902,25.4,0.211,8.618,0.9132,7.87
ATHLETE_021,squat,76.8,179.9,22,male,165.1,41,33,8,0.805,107.8,14.9,205.3,0.98,24.3,0.346,22.212,1.0875,24.156
ATHLETE_021,jumping_jack,76.8,179.9,22,male,120.2,41,29,12,0.707,131.3,20.47,218.0,1.094,4.4,0.494,19.892,1.2083,24.037
ATHLETE_021,pushup,76.8,179.9,22,male,40.3,12,8,4,0.667,119.6,17.86,194.7,1.088,89.3,0.18,6.674,1.0378,6.926
ATHLETE_021,squat,76.8,179.9,22,male,196.7,53,43,10,0.811,93.6,16.17,151.4,0.851,27.6,0.212,26.458,0.8924,23.61
ATHLETE_021,jumping_jack,76.8,179.9,22,male,109.3,36,26,10,0.722,139.1,19.76,182.4,1.159,30.5,0.099,18.099,1.0743,19.444
ATHLETE_021,pushup,76.8,179.9,22,male,212.4,72,59,13,0.819,117.8,20.34,157.5,1.071,79.7,0.214,35.154,1.0334,36.327
ATHLETE_021,squat,76.8,179.9,22,male,29.0,9,7,2,0.778,109.4,18.61,158.3,0.995,27.8,0.177,3.902,1.0062,3.927
ATHLETE_021,squat,76.8,179.9,22,male,60.3,18,13,5,0.722,71.6,17.91,133.6,0.651,15.9,0.096,8.111,0.8546,6.931
ATHLETE_021,jumping_jack,76.8,179.9,22,male,111.3,36,29,7,0.806,104.8,19.41,202.4,0.873,31.1,0.162,18.418,1.1226,20.677
ATHLETE_021,pushup,76.8,179.9,22,male,229.3,64,53,11,0.828,112.7,16.75,189.0,1.024,95.0,0.188,37.96,1.0221,38.797
ATHLETE_021,squat,76.8,179.9,22,male,31.5,10,8,2,0.8,139.1,19.08,130.0,1.265,20.2,0.825,4.23,1.0144,4.291
ATHLETE_021,squat,76.8,179.9,22,male,62.0,18,14,4,0.778,96.0,17.41,174.1,0.873,23.5,0.077,8.343,1.0167,8.482
ATHLETE_021,squat,76.8,179.9,22,male,63.4,19,15,4,0.789,109.4,17.97,165.0,0.994,19.9,0.141,8.533,1.0005,8.537
ATHLETE_021,squat,76.8,179.9,22,male,180.8,48,35,13,0.729,74.2,15.93,187.6,0.675,13.0,0.372,24.323,0.9557,23.246
ATHLETE_021,pushup,76.8,179.9,22,male,94.4,23,17,6,0.739,143.0,14.62,206.7,1.3,76.5,0.547,15.625,1.2014,18.771
ATHLETE_021,squat,76.8,179.9,22,male,34.0,9,7,2,0.778,74.7,15.89,190.1,0.679,22.9,0.362,4.57,0.9511,4.346
ATHLETE_021,squat,76.8,179.9,22,male,141.3,45,32,13,0.711,121.2,19.11,153.9,1.102,9.6,0.39,18.998,0.9908,18.824
ATHLETE_021,jumping_jack,76.8,179.9,22,male,227.5,75,54,21,0.72,99.3,19.78,231.0,0.828,30.8,1.152,37.653,1.12,42.172
ATHLETE_021,squat,76.8,179.9,22,male,128.1,41,35,6,0.854,102.5,19.2,181.8,0.932,11.0,0.096,17.23,1.0662,18.37
ATHLETE_021,jumping_jack,76.8,179.9,22,male,160.4,43,31,12,0.721,106.1,16.09,157.6,0.884,20.3,0.159,26.548,0.9491,25.196
ATHLETE_021,squat,76.8,179.9,22,male,106.9,29,21,8,0.724,79.6,16.28,143.3,0.724,10.5,0.301,14.377,0.8782,12.625
ATHLETE_021,jumping_jack,76.8,179.9,22,male,170.4,40,34,6,0.85,110.0,14.09,146.4,0.917,17.2,1.027,28.205,0.9472,26.716
ATHLETE_021,pushup,76.8,179.9,22,male,87.2,22,16,6,0.727,70.3,15.14,213.3,0.639,95.0,0.132,14.433,0.9987,14.414
ATHLETE_021,pushup,76.8,179.9,22,male,181.3,61,44,17,0.721,115.9,20.18,107.5,1.054,77.9,0.311,30.019,0.9575,28.743
ATHLETE_021,squat,76.8,179.9,22,male,21.0,5,3,2,0.6,92.5,14.29,167.0,0.841,7.1,0.84,2.823,0.9093,2.567
ATHLETE_021,squat,76.8,179.9,22,male,158.4,40,32,8,0.8,75.7,15.15,146.2,0.688,11.2,0.313,21.305,0.8727,18.593
ATHLETE_021,jumping_jack,76.8,179.9,22,male,106.0,35,29,6,0.829,97.8,19.82,201.5,0.815,17.0,0.083,17.541,1.0534,18.478
ATHLETE_021,squat,76.8,179.9,22,male,60.4,19,13,6,0.684,84.3,18.89,228.3,0.767,32.4,0.147,8.118,1.1098,9.01
ATHLETE_021,squat,76.8,179.9,22,male,128.8,32,27,5,0.844,87.8,14.9,194.2,0.798,10.5,0.09,17.329,1.019,17.659
ATHLETE_021,jumping_jack,76.8,179.9,22,male,212.2,58,46,12,0.793,110.4,16.4,219.3,0.92,24.0,0.414,35.123,1.1146,39.148
ATHLETE_021,pushup,76.8,179.9,22,male,134.6,45,37,8,0.822,105.5,20.06,183.2,0.959,95.0,0.096,22.279,1.0058,22.409
ATHLETE_021,pushup,76.8,179.9,22,male,28.9,7,5,2,0.714,89.6,14.55,115.5,0.814,59.0,0.11,4.779,0.8834,4.222
ATHLETE_021,pushup,76.8,179.9,22,male,209.3,73,62,11,0.849,92.9,20.93,171.6,0.845,89.5,0.435,34.639,0.9737,33.727
ATHLETE_021,pushup,76.8,179.9,22,male,201.6,50,42,8,0.84,102.7,14.88,217.4,0.934,90.5,0.569,33.366,1.1396,38.026
ATHLETE_021,pushup,76.8,179.9,22,male,144.6,41,30,11,0.732,96.4,17.01,143.9,0.876,95.0,0.063,23.934,0.9416,22.536
ATHLETE_021,pushup,76.8,179.9,22,male,59.6,17,14,3,0.824,116.5,17.13,199.2,1.059,84.7,0.364,9.858,1.1045,10.889
ATHLETE_021,squat,76.8,179.9,22,male,231.7,78,61,17,0.782,115.0,20.2,196.0,1.045,26.2,0.223,31.163,1.1153,34.757
ATHLETE_021,jumping_jack,76.8,179.9,22,male,54.9,18,13,5,0.722,109.1,19.68,124.5,0.91,32.8,0.208,9.084,0.925,8.403
ATHLETE_022,squat,93.9,180.9,39,male,84.6,20,15,5,0.75,97.0,14.18,127.9,0.882,26.9,0.05,11.965,0.8513,10.186
ATHLETE_022,pushup,93.9,180.9,39,male,76.7,20,16,4,0.8,120.5,15.64,102.4,1.095,86.6,0.05,13.355,0.938,12.527
ATHLETE_022,jumping_jack,93.9,180.9,39,male,184.2,43,29,14,0.674,80.5,14.01,197.5,0.671,26.8,0.16,32.049,0.9376,30.048
ATHLETE_022,squat,93.9,180.9,39,male,224.9,62,47,15,0.758,80.8,16.54,154.0,0.734,1.0,0.208,31.803,0.8989,28.588
ATHLETE_022,jumping_jack,93.9,180.9,39,male,239.4,71,56,15,0.789,97.5,17.8,144.4,0.812,14.5,0.224,41.654,0.9305,38.759
ATHLETE_022,squat,93.9,180.9,39,male,22.5,5,3,2,0.6,92.0,13.31,148.1,0.836,23.1,0.05,3.186,0.8407,2.679
ATHLETE_022,squat,93.9,180.9,39,male,62.2,15,11,4,0.733,95.7,14.47,169.3,0.87,6.6,0.31,8.795,0.9558,8.406
ATHLETE_022,pushup,93.9,180.9,39,male,144.3,44,30,14,0.682,115.4,18.29,199.9,1.049,87.8,0.204,25.113,1.0848,27.243
ATHLETE_022,pushup,93.9,180.9,39,male,220.6,65,46,19,0.708,97.8,17.68,178.4,0.889,91.8,0.498,38.39,1.0205,39.176
ATHLETE_022,squat,93.9,180.9,39,male,196.8,63,45,18,0.714,118.8,19.21,80.0,1.08,14.2,0.205,27.822,0.9446,26.281
ATHLETE_022,pushup,93.9,180.9,39,male,219.7,64,50,14,0.781,129.3,17.48,166.1,1.176,82.3,0.236,38.234,1.0328,39.488
ATHLETE_022,pushup,93.9,180.9,39,male,112.3,28,19,9,0.679,110.9,14.96,143.3,1.008,81.8,0.142,19.541,0.9298,18.17
ATHLETE_022,pushup,93.9,180.9,39,male,50.6,11,8,3,0.727,139.6,13.03,199.0,1.269,86.7,0.411,8.813,1.1167,9.842
ATHLETE_022,squat,93.9,180.9,39,male,20.1,5,4,1,0.8,90.1,14.93,141.3,0.819,30.5,0.408,2.841,0.898,2.551
ATHLETE_022,pushup,93.9,180.9,39,male,52.7,13,9,4,0.692,91.3,14.81,115.8,0.83,84.7,0.553,9.166,0.8438,7.734
ATHLETE_022,pushup,93.9,180.9,39,male,113.8,31,21,10,0.677,128.6,16.34,151.7,1.169,93.6,0.841,19.805,1.0181,20.162
ATHLETE_022,pushup,93.9,180.9,39,male,105.8,27,20,7,0.741,99.4,15.31,150.3,0.904,91.8,0.594,18.411,0.9421,17.345
ATHLETE_022,squat,93.9,180.9,39,male,196.9,56,41,15,0.732,127.8,17.06,164.1,1.162,8.9,0.05,27.844,1.003,27.927
ATHLETE_022,jumping_jack,93.9,180.9,39,male,231.1,58,39,19,0.672,78.5,15.06,192.2,0.654,12.0,0.382,40.218,0.9237,37.149
ATHLETE_022,jumping_jack,93.9,180.9,39,male,232.4,67,53,14,0.791,105.8,17.3,154.1,0.882,4.1,0.079,40.439,0.9424,38.11
ATHLETE_022,pushup,93.9,180.9,39,male,105.3,25,18,7,0.72,88.7,14.24,180.0,0.807,81.0,0.11,18.325,0.9518,17.442
ATHLETE_022,jumping_jack,93.9,180.9,39,male,88.8,20,13,7,0.65,107.5,13.52,172.5,0.896,25.4,0.27,15.451,0.9571,14.787
ATHLETE_022,jumping_jack,93.9,180.9,39,male,206.4,44,32,12,0.727,118.3,12.79,176.1,0.986,33.7,0.15,35.92,1.0332,37.113
ATHLETE_022,squat,93.9,180.9,39,male,108.6,23,17,6,0.739,116.1,12.71,181.1,1.055,19.7,0.349,15.354,1.0381,15.94
ATHLETE_022,jumping_jack,93.9,180.9,39,male,75.0,21,17,4,0.81,128.8,16.81,156.1,1.074,29.6,0.05,13.046,1.0006,13.054
ATHLETE_022,squat,93.9,180.9,39,male,195.9,49,35,14,0.714,85.2,15.0,80.0,0.775,23.2,0.274,27.705,0.8516,23.593
ATHLETE_022,pushup,93.9,180.9,39,male,83.6,25,20,5,0.8,141.6,17.94,130.1,1.287,94.3,0.194,14.552,1.0044,14.616
ATHLETE_022,pushup,93.9,180.9,39,male,140.3,38,28,10,0.737,112.1,16.26,154.6,1.019,71.5,0.369,24.407,0.9979,24.355
ATHLETE_022,jumping_jack,93.9,180.9,39,male,231.4,62,43,19,0.694,96.7,16.08,80.0,0.805,18.2,1.073,40.26,0.883,35.548
ATHLETE_022,squat,93.9,180.9,39,male,115.4,30,20,10,0.667,143.0,15.6,158.0,1.3,34.1,0.068,16.319,1.0171,16.597
ATHLETE_022,jumping_jack,93.9,180.9,39,male,25.6,5,3,2,0.6,156.0,11.72,190.0,1.3,40.7,0.056,4.455,1.0504,4.68
ATHLETE_022,jumping_jack,93.9,180.9,39,male,51.6,11,8,3,0.727,120.9,12.78,120.7,1.008,27.4,0.133,8.987,0.8681,7.802
ATHLETE_022,squat,93.9,180.9,39,male,88.1,24,18,6,0.75,86.0,16.35,80.2,0.782,30.0,0.537,12.453,0.846,10.535
ATHLETE_022,pushup,93.9,180.9,39,male,77.8,21,16,5,0.762,91.9,16.2,162.1,0.835,91.8,0.12,13.535,0.9519,12.883
ATHLETE_022,squat,93.9,180.9,39,male,203.2,60,48,12,0.8,111.8,17.71,152.6,1.016,24.3,0.422,28.736,0.9997,28.728
ATHLETE_022,pushup,93.9,180.9,39,male,227.4,69,53,16,0.768,86.1,18.21,184.4,0.783,77.9,0.058,39.566,1.0333,40.884
ATHLETE_022,squat,93.9,180.9,39,male,75.5,19,14,5,0.737,103.7,15.11,169.2,0.943,33.5,0.19,10.668,1.0052,10.723
ATHLETE_022,squat,93.9,180.9,39,male,71.3,21,14,7,0.667,127.0,17.67,183.4,1.154,26.1,0.431,10.083,1.0783,10.873
ATHLETE_022,pushup,93.9,180.9,39,male,63.3,18,14,4,0.778,84.5,17.05,141.4,0.769,95.0,0.189,11.02,0.8681,9.566
ATHLETE_022,jumping_jack,93.9,180.9,39,male,24.3,7,5,2,0.714,124.3,17.27,182.7,1.036,17.9,0.065,4.231,1.028,4.35
ATHLETE_023,squat,65.5,163.2,39,female,94.6,29,14,15,0.483,122.1,18.4,169.9,1.11,11.3,0.24,9.383,1.0582,9.929
ATHLETE_023,jumping_jack,65.5,163.2,39,female,60.7,18,7,11,0.389,114.2,17.8,233.9,0.952,8.3,0.137,7.41,1.1289,8.365
ATHLETE_023,squat,65.5,163.2,39,female,130.1,46,19,27,0.413,103.8,21.22,270.8,0.943,12.7,0.281,12.905,1.1366,14.668
ATHLETE_023,squat,65.5,163.2,39,female,68.1,24,10,14,0.417,121.5,21.13,272.0,1.105,8.1,0.05,6.76,1.2182,8.235
ATHLETE_023,jumping_jack,65.5,163.2,39,female,98.6,36,15,21,0.417,107.4,21.91,239.5,0.895,9.3,0.174,12.039,1.1627,13.998
ATHLETE_023,pushup,65.5,163.2,39,female,148.4,43,20,23,0.465,84.0,17.39,252.8,0.764,92.4,0.535,18.115,1.0534,19.083
ATHLETE_023,pushup,65.5,163.2,39,female,146.2,59,25,34,0.424,108.3,24.22,219.3,0.985,79.0,0.05,17.849,1.1777,21.021
ATHLETE_023,pushup,65.5,163.2,39,female,135.6,48,20,28,0.417,102.6,21.23,243.0,0.933,78.1,0.212,16.561,1.1491,19.031
ATHLETE_023,jumping_jack,65.5,163.2,39,female,199.8,81,37,44,0.457,142.1,24.33,146.6,1.184,9.5,0.872,24.393,1.0304,25.135
ATHLETE_023,pushup,65.5,163.2,39,female,69.3,20,9,11,0.45,85.2,17.31,222.1,0.774,88.3,0.947,8.467,1.0169,8.609
ATHLETE_023,pushup,65.5,163.2,39,female,27.5,9,4,5,0.444,122.9,19.62,247.8,1.117,76.4,0.05,3.36,1.22,4.099
ATHLETE_023,squat,65.5,163.2,39,female,203.0,86,39,47,0.453,117.5,25.42,152.7,1.068,25.7,0.531,20.139,0.9926,19.991
ATHLETE_023,squat,65.5,163.2,39,female,153.5,57,26,31,0.456,118.9,22.28,287.9,1.081,23.5,0.085,15.227,1.2155,18.509
ATHLETE_023,squat,65.5,163.2,39,female,126.2,45,21,24,0.467,138.3,21.39,158.0,1.257,15.5,0.334,12.524,1.0198,12.772
ATHLETE_023,pushup,65.5,163.2,39,female,54.7,20,9,11,0.45,103.6,21.96,223.8,0.942,80.1,0.385,6.673,1.1067,7.386
ATHLETE_023,squat,65.5,163.2,39,female,161.6,48,23,25,0.479,78.6,17.82,182.3,0.714,1.7,0.697,16.031,0.9106,14.598
ATHLETE_023,squat,65.5,163.2,39,female,198.2,64,27,37,0.422,76.3,19.37,230.3,0.693,10.7,0.502,19.667,1.024,20.139
ATHLETE_023,squat,65.5,163.2,39,female,94.6,31,14,17,0.452,109.9,19.66,251.9,0.999,16.4,0.257,9.388,1.1733,11.015
ATHLETE_023,pushup,65.5,163.2,39,female,164.0,69,33,36,0.478,106.9,25.24,263.8,0.972,82.5,0.279,20.026,1.1715,23.46
ATHLETE_023,pushup,65.5,163.2,39,female,153.7,52,22,30,0.423,113.0,20.3,183.9,1.028,95.0,0.163,18.768,1.0463,19.637
ATHLETE_023,pushup,65.5,163.2,39,female,186.1,70,32,38,0.457,100.2,22.57,215.9,0.911,77.5,1.0,22.721,1.1276,25.621
ATHLETE_023,squat,65.5,163.2,39,female,132.8,46,21,25,0.457,114.6,20.79,280.5,1.042,13.7,1.061,13.172,1.1878,15.646
ATHLETE_023,pushup,65.5,163.2,39,female,235.1,71,35,36,0.493,105.4,18.12,245.2,0.958,81.2,0.348,28.707,1.1773,33.797
ATHLETE_023,pushup,65.5,163.2,39,female,137.1,47,19,28,0.404,109.7,20.57,198.7,0.997,84.4,0.377,16.737,1.0687,17.887
ATHLETE_023,pushup,65.5,163.2,39,female,75.8,22,9,13,0.409,83.7,17.42,245.7,0.761,84.6,0.128,9.251,1.08,9.991
ATHLETE_023,squat,65.5,163.2,39,female,212.0,76,36,40,0.474,89.6,21.51,203.8,0.814,22.9,0.05,21.03,0.9985,20.998
ATHLETE_023,squat,65.5,163.2,39,female,178.3,53,25,28,0.472,90.6,17.83,239.0,0.824,16.5,1.2,17.69,1.0701,18.93
ATHLETE_023,squat,65.5,163.2,39,female,111.8,42,19,23,0.452,59.7,22.55,239.4,0.542,14.6,0.641,11.087,1.0274,11.391
ATHLETE_023,jumping_jack,65.5,163.2,39,female,84.4,28,13,15,0.464,95.7,19.91,251.6,0.798,25.0,0.585,10.303,1.101,11.343
ATHLETE_023,jumping_jack,65.5,163.2,39,female,106.4,38,17,21,0.447,114.6,21.43,156.1,0.955,22.5,0.192,12.993,0.956,12.421
ATHLETE_023,squat,65.5,163.2,39,female,165.2,67,31,36,0.463,94.4,24.33,216.0,0.859,21.4,0.479,16.393,1.1024,18.071
ATHLETE_023,pushup,65.5,163.2,39,female,92.8,36,15,21,0.417,99.8,23.28,178.9,0.907,75.5,0.05,11.329,1.0393,11.773
ATHLETE_023,squat,65.5,163.2,39,female,152.3,62,26,36,0.419,118.8,24.42,211.3,1.08,20.7,0.517,15.111,1.1741,17.742
ATHLETE_023,squat,65.5,163.2,39,female,194.2,64,30,34,0.469,97.7,19.77,189.6,0.888,22.5,0.088,19.271,0.9959,19.193
ATHLETE_023,pushup,65.5,163.2,39,female,78.4,30,14,16,0.467,121.3,22.95,285.7,1.103,95.0,0.28,9.577,1.1947,11.442
ATHLETE_023,jumping_jack,65.5,163.2,39,female,215.6,76,35,41,0.461,109.8,21.15,245.2,0.915,19.3,0.322,26.328,1.1568,30.455
ATHLETE_023,jumping_jack,65.5,163.2,39,female,229.1,73,35,38,0.479,82.6,19.12,220.4,0.688,22.2,0.379,27.979,1.0452,29.243
ATHLETE_023,squat,65.5,163.2,39,female,194.5,65,32,33,0.492,143.0,20.05,244.4,1.3,11.1,0.248,19.299,1.2785,24.675
ATHLETE_023,pushup,65.5,163.2,39,female,110.0,40,18,22,0.45,86.0,21.81,214.6,0.782,74.7,0.05,13.435,1.0451,14.041
ATHLETE_023,squat,65.5,163.2,39,female,66.3,22,9,13,0.409,88.7,19.91,219.8,0.807,18.4,0.086,6.578,1.054,6.933
ATHLETE_024,jumping_jack,78.3,163.8,60,female,156.8,48,38,10,0.792,126.2,18.37,182.8,1.051,16.3,0.07,19.545,1.0658,20.831
ATHLETE_024,squat,78.3,163.8,60,female,121.1,42,31,11,0.738,102.6,20.81,222.4,0.933,29.5,0.23,12.264,1.1586,14.208
ATHLETE_024,squat,78.3,163.8,60,female,40.5,13,11,2,0.846,116.4,19.25,241.6,1.058,19.3,0.32,4.104,1.2644,5.189
ATHLETE_024,squat,78.3,163.8,60,female,225.2,55,43,12,0.782,121.3,14.65,200.8,1.103,26.7,0.997,22.811,1.1083,25.281
ATHLETE_024,pushup,78.3,163.8,60,female,20.8,6,4,2,0.667,96.1,17.28,111.1,0.873,91.2,0.352,2.596,0.8776,2.278
ATHLETE_024,squat,78.3,163.8,60,female,149.6,44,33,11,0.75,119.4,17.64,170.0,1.086,31.5,0.226,15.155,1.0232,15.507
ATHLETE_024,jumping_jack,78.3,163.8,60,female,186.6,49,35,14,0.714,105.7,15.75,191.7,0.881,8.0,0.05,23.265,1.0388,24.168
ATHLETE_024,squat,78.3,163.8,60,female,173.0,55,45,10,0.818,118.7,19.07,177.4,1.08,0.0,0.078,17.522,1.0647,18.656
ATHLETE_024,pushup,78.3,163.8,60,female,203.2,57,47,10,0.825,99.7,16.83,191.5,0.906,89.8,0.155,25.326,1.0632,26.927
ATHLETE_024,jumping_jack,78.3,163.8,60,female,190.5,48,37,11,0.771,149.6,15.12,180.5,1.247,29.2,0.05,23.742,1.0911,25.906
ATHLETE_024,jumping_jack,78.3,163.8,60,female,144.6,50,38,12,0.76,126.3,20.74,140.1,1.053,13.8,0.05,18.03,0.9878,17.81
ATHLETE_024,pushup,78.3,163.8,60,female,234.8,73,54,19,0.74,126.1,18.65,179.8,1.146,88.4,0.329,29.272,1.1096,32.481
ATHLETE_024,squat,78.3,163.8,60,female,157.8,52,45,7,0.865,143.0,19.77,139.5,1.3,35.5,0.348,15.985,1.0082,16.116
ATHLETE_024,squat,78.3,163.8,60,female,196.3,68,49,19,0.721,103.9,20.78,117.1,0.945,20.1,0.482,19.882,0.9624,19.135
ATHLETE_024,squat,78.3,163.8,60,female,128.6,43,33,10,0.767,90.5,20.07,133.0,0.823,23.6,0.821,13.022,0.9418,12.264
ATHLETE_024,pushup,78.3,163.8,60,female,128.5,42,36,6,0.857,83.3,19.62,152.0,0.757,84.8,1.2,16.013,0.9773,15.649
ATHLETE_024,jumping_jack,78.3,163.8,60,female,60.1,20,16,4,0.8,102.9,19.96,139.1,0.857,24.8,0.508,7.493,0.9401,7.044
ATHLETE_024,jumping_jack,78.3,163.8,60,female,136.6,34,26,8,0.765,99.5,14.93,197.1,0.829,33.3,0.147,17.031,1.0306,17.553
ATHLETE_024,pushup,78.3,163.8,60,female,214.5,62,47,15,0.758,114.5,17.34,127.2,1.041,82.2,0.177,26.741,0.96,25.671
ATHLETE_024,jumping_jack,78.3,163.8,60,female,44.7,12,10,2,0.833,123.6,16.1,193.9,1.03,21.7,0.406,5.575,1.0817,6.03
ATHLETE_024,jumping_jack,78.3,163.8,60,female,45.0,13,10,3,0.769,123.8,17.35,196.6,1.032,25.0,0.205,5.605,1.0629,5.957
ATHLETE_024,jumping_jack,78.3,163.8,60,female,62.2,15,12,3,0.8,112.0,14.47,171.5,0.934,13.8,0.732,7.752,1.0156,7.873
ATHLETE_024,jumping_jack,78.3,163.8,60,female,22.6,6,4,2,0.667,125.3,15.92,99.5,1.045,17.8,0.279,2.819,0.8913,2.512
ATHLETE_024,pushup,78.3,163.8,60,female,147.6,47,33,14,0.702,81.4,19.1,208.7,0.74,86.9,0.05,18.4,1.0717,19.719
ATHLETE_024,jumping_jack,78.3,163.8,60,female,25.0,7,5,2,0.714,81.7,16.82,196.8,0.681,17.4,0.093,3.112,0.9549,2.972
ATHLETE_024,pushup,78.3,163.8,60,female,31.9,9,6,3,0.667,100.4,16.91,181.9,0.913,83.8,0.794,3.981,0.994,3.958
ATHLETE_024,pushup,78.3,163.8,60,female,151.6,40,31,9,0.775,117.8,15.83,179.1,1.071,95.0,0.18,18.897,1.0746,20.307
ATHLETE_024,squat,78.3,163.8,60,female,26.7,9,7,2,0.778,93.3,20.24,181.1,0.848,22.8,0.153,2.702,1.0202,2.756
ATHLETE_024,pushup,78.3,163.8,60,female,83.9,22,16,6,0.727,89.5,15.73,204.5,0.814,80.1,0.226,10.463,1.0009,10.473
ATHLETE_024,jumping_jack,78.3,163.8,60,female,152.3,46,33,13,0.717,121.1,18.12,161.6,1.009,17.3,0.202,18.983,1.005,19.078
ATHLETE_024,pushup,78.3,163.8,60,female,76.4,21,17,4,0.81,84.1,16.5,222.5,0.765,84.2,0.587,9.52,1.1145,10.611
ATHLETE_024,pushup,78.3,163.8,60,female,177.4,57,42,15,0.737,96.3,19.28,209.8,0.875,80.1,0.065,22.116,1.0987,24.298
ATHLETE_024,squat,78.3,163.8,60,female,150.7,47,36,11,0.766,101.1,18.72,154.1,0.919,28.8,0.061,15.258,0.9849,15.028
ATHLETE_024,pushup,78.3,163.8,60,female,197.0,67,54,13,0.806,100.1,20.41,150.8,0.91,80.2,0.15,24.55,0.9689,23.787
ATHLETE_024,squat,78.3,163.8,60,female,203.0,61,49,12,0.803,142.1,18.03,153.6,1.292,20.3,1.049,20.563,1.0437,21.461
ATHLETE_024,jumping_jack,78.3,163.8,60,female,39.5,12,9,3,0.75,116.9,18.24,135.3,0.974,13.6,0.419,4.921,0.9348,4.6
ATHLETE_024,pushup,78.3,163.8,60,female,68.1,18,14,4,0.778,89.7,15.85,153.1,0.816,84.5,1.185,8.492,0.8818,7.488
ATHLETE_024,jumping_jack,78.3,163.8,60,female,82.6,23,18,5,0.783,138.0,16.7,148.9,1.15,14.2,0.05,10.298,0.9822,10.114
ATHLETE_024,jumping_jack,78.3,163.8,60,female,159.5,52,37,15,0.712,91.5,19.56,190.9,0.762,9.7,0.222,19.886,0.9816,19.519
ATHLETE_024,squat,78.3,163.8,60,female,29.7,8,6,2,0.75,125.5,16.16,171.2,1.141,22.3,0.144,3.008,1.0324,3.106
ATHLETE_025,pushup,68.4,196.6,22,male,172.0,66,58,8,0.879,123.5,23.03,176.6,1.123,84.9,0.609,28.79,1.1542,33.231
ATHLETE_025,squat,68.4,196.6,22,male,211.8,69,58,11,0.841,86.9,19.55,277.3,0.79,13.7,0.102,28.811,1.1716,33.754
ATHLETE_025,jumping_jack,68.4,196.6,22,male,68.6,23,21,2,0.913,107.5,20.1,187.1,0.896,29.4,0.25,11.493,1.0619,12.205
ATHLETE_025,squat,68.4,196.6,22,male,182.6,67,57,10,0.851,103.8,22.02,147.4,0.944,10.3,0.178,24.837,0.9728,24.161
ATHLETE_025,pushup,68.4,196.6,22,male,134.4,57,48,9,0.842,67.6,25.45,224.5,0.614,80.1,0.686,22.502,1.1015,24.786
ATHLETE_025,pushup,68.4,196.6,22,male,74.2,33,27,6,0.818,111.0,26.69,235.9,1.009,78.2,0.204,12.42,1.2996,16.141
ATHLETE_025,jumping_jack,68.4,196.6,22,male,123.6,55,48,7,0.873,138.4,26.7,239.8,1.154,8.1,1.2,20.694,1.3461,27.856
ATHLETE_025,jumping_jack,68.4,196.6,22,male,205.6,84,73,11,0.869,109.8,24.52,245.1,0.915,30.1,0.549,34.417,1.2631,43.472
ATHLETE_025,pushup,68.4,196.6,22,male,166.9,53,48,5,0.906,99.7,19.05,189.0,0.907,87.8,0.251,27.951,1.0308,28.812
ATHLETE_025,squat,68.4,196.6,22,male,125.3,51,50,1,0.98,117.5,24.42,221.3,1.068,14.7,0.715,17.044,1.2344,21.039
ATHLETE_025,jumping_jack,68.4,196.6,22,male,28.6,10,9,1,0.9,131.4,20.95,254.6,1.095,34.8,0.172,4.794,1.2766,6.121
ATHLETE_025,squat,68.4,196.6,22,male,113.3,42,35,7,0.833,143.0,22.24,243.8,1.3,3.8,0.448,15.417,1.3152,20.277
ATHLETE_025,pushup,68.4,196.6,22,male,221.2,68,67,1,0.985,65.5,18.45,194.3,0.595,80.5,0.377,37.031,0.993,36.77
ATHLETE_025,jumping_jack,68.4,196.6,22,male,206.2,76,69,7,0.908,127.7,22.11,200.6,1.064,31.0,0.531,34.53,1.1822,40.822
ATHLETE_025,pushup,68.4,196.6,22,male,131.4,53,52,1,0.981,113.3,24.2,230.0,1.03,75.8,0.086,22.0,1.2833,28.233
ATHLETE_025,pushup,68.4,196.6,22,male,76.7,26,23,3,0.885,79.8,20.34,229.7,0.725,78.8,0.444,12.843,1.1151,14.321
ATHLETE_025,squat,68.4,196.6,22,male,49.2,18,17,1,0.944,92.8,21.96,212.3,0.843,25.3,0.3,6.69,1.1002,7.361
ATHLETE_025,jumping_jack,68.4,196.6,22,male,184.6,69,66,3,0.957,125.1,22.43,280.9,1.043,28.3,0.05,30.906,1.2581,38.882
ATHLETE_025,jumping_jack,68.4,196.6,22,male,170.5,59,55,4,0.932,102.2,20.76,264.8,0.851,13.9,0.237,28.544,1.201,34.283
ATHLETE_025,jumping_jack,68.4,196.6,22,male,68.8,23,19,4,0.826,127.6,20.07,234.6,1.063,24.6,0.501,11.513,1.2087,13.916
ATHLETE_025,jumping_jack,68.4,196.6,22,male,59.7,25,21,4,0.84,108.6,25.13,186.7,0.905,18.6,0.27,9.994,1.136,11.353
ATHLETE_025,jumping_jack,68.4,196.6,22,male,27.7,10,8,2,0.8,102.8,21.68,226.6,0.857,22.2,0.365,4.633,1.1431,5.296
ATHLETE_025,pushup,68.4,196.6,22,male,24.4,8,7,1,0.875,143.0,19.67,248.1,1.3,86.7,0.187,4.086,1.3218,5.4
ATHLETE_025,pushup,68.4,196.6,22,male,192.7,64,53,11,0.828,115.1,19.93,295.9,1.046,90.4,0.343,32.259,1.2679,40.901
ATHLETE_025,squat,68.4,196.6,22,male,137.4,44,42,2,0.955,117.9,19.22,204.6,1.072,20.4,0.317,18.69,1.1783,22.021
ATHLETE_025,jumping_jack,68.4,196.6,22,male,130.4,45,42,3,0.933,126.4,20.71,244.6,1.053,21.6,1.2,21.829,1.277,27.875
ATHLETE_025,jumping_jack,68.4,196.6,22,male,124.7,48,46,2,0.958,96.4,23.1,290.8,0.803,26.6,0.583,20.871,1.1952,24.944
ATHLETE_025,jumping_jack,68.4,196.6,22,male,193.2,71,68,3,0.958,132.9,22.05,252.8,1.107,33.7,0.638,32.346,1.3189,42.66
ATHLETE_025,jumping_jack,68.4,196.6,22,male,125.9,40,36,4,0.9,97.3,19.06,214.2,0.811,20.6,0.948,21.08,1.1342,23.908
ATHLETE_025,squat,68.4,196.6,22,male,172.5,53,47,6,0.887,95.4,18.44,200.7,0.868,6.2,0.082,23.46,1.0861,25.479
ATHLETE_025,squat,68.4,196.6,22,male,77.6,29,25,4,0.862,116.5,22.43,260.1,1.059,30.0,0.289,10.55,1.2891,13.601
ATHLETE_025,squat,68.4,196.6,22,male,226.0,71,66,5,0.93,106.4,18.85,235.3,0.968,15.4,0.442,30.737,1.1954,36.744
ATHLETE_025,squat,68.4,196.6,22,male,237.9,102,97,5,0.951,80.9,25.72,243.1,0.735,23.3,0.187,32.365,1.23,39.808
ATHLETE_025,squat,68.4,196.6,22,male,52.7,20,19,1,0.95,122.4,22.76,218.0,1.113,12.0,0.976,7.174,1.3129,9.418
ATHLETE_025,squat,68.4,196.6,22,male,228.5,82,80,2,0.976,111.3,21.53,164.5,1.012,20.1,0.355,31.087,1.0606,32.97
ATHLETE_025,jumping_jack,68.4,196.6,22,male,40.2,15,15,0,1.0,102.3,22.38,218.5,0.852,36.0,0.726,6.732,1.1708,7.882
ATHLETE_025,pushup,68.4,196.6,22,male,169.0,56,46,10,0.821,102.0,19.89,200.2,0.927,95.0,0.921,28.289,1.0775,30.48
ATHLETE_025,jumping_jack,68.4,196.6,22,male,105.2,36,30,6,0.833,136.9,20.54,202.2,1.141,26.1,0.093,17.608,1.208,21.271
ATHLETE_025,pushup,68.4,196.6,22,male,193.1,81,79,2,0.975,114.9,25.17,282.5,1.045,80.6,0.144,32.325,1.3011,42.057
ATHLETE_025,squat,68.4,196.6,22,male,234.7,106,87,19,0.821,82.7,27.09,221.6,0.752,30.3,1.053,31.932,1.1591,37.013
ATHLETE_026,squat,85.6,167.7,37,male,37.5,11,5,6,0.455,119.5,17.59,182.5,1.087,18.1,0.431,4.867,1.0262,4.995
ATHLETE_026,pushup,85.6,167.7,37,male,107.4,29,12,17,0.414,88.0,16.19,165.6,0.8,80.8,0.703,17.154,0.9311,15.973
ATHLETE_026,pushup,85.6,167.7,37,male,226.7,65,25,40,0.385,117.4,17.21,219.0,1.067,82.9,0.05,36.186,1.1481,41.543
ATHLETE_026,jumping_jack,85.6,167.7,37,male,23.1,5,2,3,0.4,109.1,12.99,167.7,0.909,14.5,0.852,3.688,0.9047,3.336
ATHLETE_026,jumping_jack,85.6,167.7,37,male,147.5,39,16,23,0.41,122.1,15.87,183.8,1.017,24.9,1.121,23.543,0.9888,23.278
ATHLETE_026,jumping_jack,85.6,167.7,37,male,216.6,60,26,34,0.433,107.1,16.62,166.1,0.892,32.3,0.338,34.581,0.9253,31.999
ATHLETE_026,pushup,85.6,167.7,37,male,20.2,6,2,4,0.333,101.6,17.82,231.3,0.924,83.5,0.261,3.226,1.0941,3.53
ATHLETE_026,squat,85.6,167.7,37,male,95.0,25,11,14,0.44,105.8,15.79,213.5,0.961,15.2,0.328,12.326,1.0539,12.991
ATHLETE_026,jumping_jack,85.6,167.7,37,male,52.6,17,7,10,0.412,114.4,19.4,241.6,0.954,24.1,0.127,8.396,1.1598,9.737
ATHLETE_026,squat,85.6,167.7,37,male,48.4,14,6,8,0.429,78.6,17.36,201.5,0.715,30.4,0.51,6.276,0.9407,5.904
ATHLETE_026,squat,85.6,167.7,37,male,154.7,51,21,30,0.412,91.6,19.78,209.4,0.833,15.5,0.163,20.068,1.0165,20.4
ATHLETE_026,pushup,85.6,167.7,37,male,235.3,85,36,49,0.424,89.6,21.68,146.2,0.815,86.9,0.327,37.564,0.854,32.079
ATHLETE_026,pushup,85.6,167.7,37,male,109.8,29,12,17,0.414,113.3,15.85,112.2,1.03,93.8,0.217,17.523,0.9075,15.902
ATHLETE_026,pushup,85.6,167.7,37,male,27.9,9,3,6,0.333,108.4,19.38,154.3,0.986,86.8,0.05,4.449,0.9119,4.057
ATHLETE_026,pushup,85.6,167.7,37,male,170.3,55,21,34,0.382,90.1,19.38,251.9,0.819,83.5,0.203,27.183,1.0831,29.442
ATHLETE_026,pushup,85.6,167.7,37,male,28.7,7,2,5,0.286,118.8,14.64,251.2,1.08,81.1,0.222,4.579,1.1091,5.078
ATHLETE_026,jumping_jack,85.6,167.7,37,male,210.9,61,24,37,0.393,116.5,17.35,188.8,0.971,9.4,0.227,33.673,0.9921,33.405
ATHLETE_026,pushup,85.6,167.7,37,male,76.7,22,9,13,0.409,102.3,17.21,145.8,0.93,88.7,0.186,12.243,0.8883,10.876
ATHLETE_026,squat,85.6,167.7,37,male,221.4,57,24,33,0.421,104.1,15.45,108.0,0.946,30.0,0.053,28.72,0.8119,23.317
ATHLETE_026,pushup,85.6,167.7,37,male,124.6,37,17,20,0.459,135.8,17.81,198.4,1.235,64.8,0.207,19.899,1.0687,21.265
ATHLETE_026,jumping_jack,85.6,167.7,37,male,138.5,38,18,20,0.474,97.8,16.46,168.7,0.815,9.7,0.05,22.11,0.9043,19.995
ATHLETE_026,pushup,85.6,167.7,37,male,24.1,8,3,5,0.375,107.4,19.93,195.9,0.977,79.3,0.093,3.845,1.0423,4.008
ATHLETE_026,jumping_jack,85.6,167.7,37,male,151.5,41,19,22,0.463,123.2,16.23,180.9,1.027,26.9,0.456,24.194,1.0187,24.646
ATHLETE_026,pushup,85.6,167.7,37,male,158.5,57,24,33,0.421,107.5,21.58,149.0,0.977,85.8,0.341,25.298,0.9346,23.644
ATHLETE_026,pushup,85.6,167.7,37,male,56.6,18,7,11,0.389,88.7,19.09,155.9,0.807,81.3,0.39,9.035,0.9232,8.34
ATHLETE_026,squat,85.6,167.7,37,male,62.6,17,7,10,0.412,118.7,16.29,169.5,1.079,31.4,0.304,8.123,0.9676,7.86
ATHLETE_026,jumping_jack,85.6,167.7,37,male,96.4,28,11,17,0.393,89.3,17.44,155.0,0.744,3.1,0.453,15.383,0.8564,13.173
ATHLETE_026,pushup,85.6,167.7,37,male,232.7,61,28,33,0.459,87.2,15.73,213.3,0.792,84.2,0.958,37.157,0.99,36.785
ATHLETE_026,squat,85.6,167.7,37,male,71.8,25,10,15,0.4,93.1,20.88,153.3,0.846,21.1,0.437,9.319,0.866,8.07
ATHLETE_026,jumping_jack,85.6,167.7,37,male,201.1,50,21,29,0.42,84.9,14.92,153.3,0.708,2.7,0.198,32.103,0.8145,26.148
ATHLETE_026,pushup,85.6,167.7,37,male,178.2,54,21,33,0.389,95.0,18.18,187.4,0.864,95.0,0.308,28.448,0.9751,27.74
ATHLETE_026,squat,85.6,167.7,37,male,102.4,36,16,20,0.444,89.8,21.09,178.1,0.817,11.9,0.259,13.288,0.9676,12.858
ATHLETE_026,squat,85.6,167.7,37,male,214.3,67,28,39,0.418,113.1,18.76,204.5,1.028,10.5,0.101,27.797,1.0669,29.656
ATHLETE_026,jumping_jack,85.6,167.7,37,male,220.5,76,30,46,0.395,122.4,20.68,192.7,1.02,22.2,0.13,35.199,1.0391,36.574
ATHLETE_026,squat,85.6,167.7,37,male,81.9,29,11,18,0.379,109.1,21.25,247.8,0.992,7.8,0.428,10.621,1.1527,12.243
ATHLETE_026,jumping_jack,85.6,167.7,37,male,113.0,38,15,23,0.395,139.1,20.18,170.5,1.159,15.3,0.28,18.042,1.0389,18.743
ATHLETE_026,squat,85.6,167.7,37,male,176.7,55,22,33,0.4,90.0,18.68,201.6,0.818,14.5,0.189,22.915,1.0084,23.108
ATHLETE_026,jumping_jack,85.6,167.7,37,male,208.9,54,24,30,0.444,121.8,15.51,157.0,1.015,18.9,0.234,33.358,0.9384,31.303
ATHLETE_026,squat,85.6,167.7,37,male,21.8,6,2,4,0.333,93.8,16.54,152.3,0.853,18.6,0.134,2.824,0.8886,2.509
ATHLETE_026,pushup,85.6,167.7,37,male,193.0,56,22,34,0.393,119.0,17.41,194.5,1.081,94.3,0.16,30.807,1.0294,31.712
ATHLETE_027,squat,83.9,180.3,45,male,193.5,93,65,28,0.699,82.6,28.84,255.6,0.751,17.9,1.2,25.412,1.2031,30.573
ATHLETE_027,squat,83.9,180.3,45,male,123.5,64,51,13,0.797,121.0,31.09,231.7,1.1,6.7,0.193,16.223,1.2914,20.951
ATHLETE_027,squat,83.9,180.3,45,male,81.3,31,21,10,0.677,118.6,22.87,288.1,1.078,7.5,0.33,10.68,1.266,13.521
ATHLETE_027,pushup,83.9,180.3,45,male,72.2,29,23,6,0.793,96.7,24.1,285.6,0.879,92.1,0.05,11.673,1.2579,14.683
ATHLETE_027,jumping_jack,83.9,180.3,45,male,80.4,35,27,8,0.771,77.1,26.11,243.6,0.643,12.5,0.149,13.003,1.1682,15.191
ATHLETE_027,pushup,83.9,180.3,45,male,85.3,43,35,8,0.814,112.2,30.26,310.2,1.02,91.8,0.172,13.782,1.2994,17.907
ATHLETE_027,pushup,83.9,180.3,45,male,172.6,84,67,17,0.798,101.0,29.2,240.3,0.918,95.0,0.396,27.904,1.2875,35.927
ATHLETE_027,squat,83.9,180.3,45,male,152.0,61,49,12,0.803,104.3,24.07,224.4,0.948,12.1,0.11,19.969,1.2113,24.187
ATHLETE_027,pushup,83.9,180.3,45,male,135.3,60,45,15,0.75,86.4,26.61,252.3,0.786,76.6,0.193,21.867,1.2314,26.927
ATHLETE_027,squat,83.9,180.3,45,male,115.9,54,43,11,0.796,95.5,27.95,230.4,0.868,25.2,0.217,15.226,1.2199,18.575
ATHLETE_027,jumping_jack,83.9,180.3,45,male,127.2,53,37,16,0.698,125.3,25.0,302.9,1.044,26.0,0.098,20.561,1.2306,25.302
ATHLETE_027,squat,83.9,180.3,45,male,25.6,12,9,3,0.75,122.0,28.09,231.2,1.109,28.7,0.249,3.366,1.2979,4.369
ATHLETE_027,jumping_jack,83.9,180.3,45,male,27.7,10,6,4,0.6,143.6,21.65,236.4,1.197,29.1,0.557,4.48,1.2202,5.466
ATHLETE_027,jumping_jack,83.9,180.3,45,male,160.7,59,41,18,0.695,74.2,22.03,250.6,0.619,23.4,0.42,25.977,1.0833,28.14
ATHLETE_027,pushup,83.9,180.3,45,male,156.5,70,54,16,0.771,122.8,26.84,277.3,1.117,95.0,0.398,25.292,1.3203,33.391
ATHLETE_027,squat,83.9,180.3,45,male,188.1,86,58,28,0.674,121.5,27.43,295.7,1.105,26.4,1.071,24.709,1.3099,32.368
ATHLETE_027,pushup,83.9,180.3,45,male,92.7,34,25,9,0.735,94.7,22.0,232.9,0.861,84.6,0.332,14.991,1.1881,17.811
ATHLETE_027,pushup,83.9,180.3,45,male,90.6,42,32,10,0.762,117.2,27.83,214.8,1.065,84.8,0.168,14.638,1.1985,17.544
ATHLETE_027,jumping_jack,83.9,180.3,45,male,148.3,72,53,19,0.736,156.0,29.12,261.0,1.3,18.1,0.05,23.98,1.3904,33.342
ATHLETE_027,jumping_jack,83.9,180.3,45,male,106.2,43,30,13,0.698,122.3,24.29,248.2,1.019,3.5,0.075,17.168,1.2345,21.194
ATHLETE_027,jumping_jack,83.9,180.3,45,male,234.8,121,83,38,0.686,98.0,30.92,254.8,0.816,29.7,1.2,37.959,1.2945,49.139
ATHLETE_027,pushup,83.9,180.3,45,male,125.0,48,34,14,0.708,82.6,23.04,281.3,0.75,82.6,0.23,20.202,1.1997,24.237
ATHLETE_027,squat,83.9,180.3,45,male,75.9,38,29,9,0.763,127.0,30.05,343.4,1.154,27.6,0.05,9.967,1.3288,13.244
ATHLETE_027,squat,83.9,180.3,45,male,228.7,94,67,27,0.713,102.5,24.66,261.5,0.932,26.0,1.153,30.043,1.2479,37.491
ATHLETE_027,jumping_jack,83.9,180.3,45,male,50.8,21,15,6,0.714,119.7,24.8,294.0,0.997,20.2,0.726,8.214,1.2488,10.258
ATHLETE_027,squat,83.9,180.3,45,male,84.0,39,31,8,0.795,101.1,27.87,270.2,0.919,22.5,0.637,11.028,1.2328,13.595
ATHLETE_027,squat,83.9,180.3,45,male,147.4,68,49,19,0.721,106.6,27.68,304.4,0.969,10.7,0.658,19.36,1.2817,24.814
ATHLETE_027,jumping_jack,83.9,180.3,45,male,185.2,74,56,18,0.757,117.4,23.98,264.5,0.979,27.7,1.016,29.934,1.2537,37.528
ATHLETE_027,pushup,83.9,180.3,45,male,152.0,58,43,15,0.741,123.7,22.89,299.8,1.125,77.6,0.625,24.571,1.3101,32.191
ATHLETE_027,squat,83.9,180.3,45,male,117.8,54,37,17,0.685,119.8,27.51,246.4,1.089,22.4,0.838,15.467,1.2875,19.913
ATHLETE_027,jumping_jack,83.9,180.3,45,male,23.1,11,8,3,0.727,102.9,28.6,224.6,0.857,23.5,0.118,3.73,1.2144,4.53
ATHLETE_027,jumping_jack,83.9,180.3,45,male,51.5,26,17,9,0.654,113.4,30.31,219.7,0.945,15.6,0.656,8.321,1.2297,10.232
ATHLETE_027,pushup,83.9,180.3,45,male,198.1,104,77,27,0.74,95.1,31.5,238.8,0.864,95.0,0.071,32.02,1.2244,39.205
ATHLETE_027,jumping_jack,83.9,180.3,45,male,34.3,14,11,3,0.786,110.2,24.49,308.2,0.919,12.8,0.05,5.545,1.2057,6.685
ATHLETE_027,pushup,83.9,180.3,45,male,226.8,111,91,20,0.82,122.9,29.36,293.9,1.117,76.0,0.092,36.668,1.3867,50.849
ATHLETE_027,jumping_jack,83.9,180.3,45,male,207.3,79,61,18,0.772,114.4,22.87,280.2,0.954,20.2,0.282,33.506,1.234,41.346
ATHLETE_027,jumping_jack,83.9,180.3,45,male,154.3,64,44,20,0.688,108.1,24.88,264.0,0.901,32.3,0.089,24.944,1.2048,30.052
ATHLETE_027,pushup,83.9,180.3,45,male,70.4,31,22,9,0.71,97.5,26.43,301.6,0.886,86.7,0.708,11.376,1.221,13.89
ATHLETE_027,squat,83.9,180.3,45,male,179.0,73,57,16,0.781,104.0,24.47,300.8,0.945,13.4,0.05,23.507,1.2452,29.272
ATHLETE_027,pushup,83.9,180.3,45,male,176.2,64,46,18,0.719,74.3,21.8,232.1,0.676,90.9,0.555,28.479,1.1263,32.077
ATHLETE_028,pushup,70.7,174.1,49,male,117.4,40,28,12,0.7,84.5,20.45,139.6,0.768,83.4,0.157,16.904,0.9088,15.362
ATHLETE_028,pushup,70.7,174.1,49,male,21.9,8,5,3,0.625,128.4,21.88,187.2,1.167,94.0,0.599,3.16,1.117,3.53
ATHLETE_028,pushup,70.7,174.1,49,male,167.7,52,34,18,0.654,101.6,18.6,244.0,0.923,95.0,0.185,24.159,1.1773,28.443
ATHLETE_028,jumping_jack,70.7,174.1,49,male,237.0,69,48,21,0.696,114.7,17.47,254.2,0.956,15.3,0.317,34.136,1.1997,40.952
ATHLETE_028,jumping_jack,70.7,174.1,49,male,76.4,24,19,5,0.792,126.8,18.86,173.6,1.056,23.2,0.448,10.998,1.0751,11.824
ATHLETE_028,squat,70.7,174.1,49,male,109.8,32,25,7,0.781,124.8,17.49,212.9,1.134,37.3,0.147,12.845,1.2041,15.467
ATHLETE_028,pushup,70.7,174.1,49,male,146.5,59,45,14,0.763,108.3,24.17,250.2,0.985,84.3,0.223,21.101,1.2428,26.224
ATHLETE_028,squat,70.7,174.1,49,male,41.4,12,9,3,0.75,116.2,17.4,207.3,1.056,34.8,0.682,4.842,1.1234,5.44
ATHLETE_028,pushup,70.7,174.1,49,male,142.5,53,36,17,0.679,88.9,22.32,223.8,0.808,94.7,1.045,20.525,1.1032,22.643
ATHLETE_028,pushup,70.7,174.1,49,male,115.1,45,31,14,0.689,99.4,23.45,229.5,0.904,75.7,0.655,16.585,1.2184,20.207
ATHLETE_028,jumping_jack,70.7,174.1,49,male,148.7,47,37,10,0.787,110.1,18.96,192.8,0.918,5.3,0.275,21.426,1.0511,22.521
ATHLETE_028,squat,70.7,174.1,49,male,152.0,53,40,13,0.755,101.0,20.91,206.0,0.919,18.4,0.599,17.794,1.1393,20.273
ATHLETE_028,pushup,70.7,174.1,49,male,86.6,30,20,10,0.667,78.4,20.78,225.4,0.713,95.0,0.55,12.475,1.0377,12.944
ATHLETE_028,pushup,70.7,174.1,49,male,124.2,41,32,9,0.78,103.7,19.8,169.7,0.942,89.6,0.773,17.895,1.0185,18.226
ATHLETE_028,squat,70.7,174.1,49,male,161.5,55,44,11,0.8,88.4,20.44,119.2,0.803,15.4,0.05,18.897,0.898,16.969
ATHLETE_028,jumping_jack,70.7,174.1,49,male,85.3,30,21,9,0.7,98.9,21.11,246.7,0.825,22.2,0.229,12.284,1.1624,14.279
ATHLETE_028,jumping_jack,70.7,174.1,49,male,94.7,35,23,12,0.657,113.2,22.18,184.2,0.944,25.7,0.05,13.639,1.0893,14.856
ATHLETE_028,squat,70.7,174.1,49,male,202.8,75,54,21,0.72,91.8,22.19,225.2,0.834,22.2,0.912,23.738,1.1126,26.411
ATHLETE_028,squat,70.7,174.1,49,male,146.9,54,37,17,0.685,97.6,22.05,229.1,0.887,18.9,0.099,17.195,1.1858,20.389
ATHLETE_028,squat,70.7,174.1,49,male,226.3,86,63,23,0.733,118.3,22.81,271.6,1.076,25.1,0.314,26.48,1.2572,33.29
ATHLETE_028,squat,70.7,174.1,49,male,171.8,69,47,22,0.681,118.7,24.1,154.5,1.079,23.6,0.566,20.104,1.0366,20.839
ATHLETE_028,jumping_jack,70.7,174.1,49,male,125.7,50,36,14,0.72,105.7,23.87,216.7,0.881,23.6,0.104,18.1,1.1746,21.261
ATHLETE_028,pushup,70.7,174.1,49,male,150.1,48,32,16,0.667,143.0,19.19,214.6,1.3,88.8,0.733,21.617,1.1634,25.148
ATHLETE_028,squat,70.7,174.1,49,male,168.7,69,48,21,0.696,127.3,24.55,227.3,1.157,21.6,0.178,19.739,1.2676,25.022
ATHLETE_028,jumping_jack,70.7,174.1,49,male,166.5,48,37,11,0.771,116.8,17.3,177.9,0.973,19.4,0.429,23.981,0.9993,23.965
ATHLETE_028,jumping_jack,70.7,174.1,49,male,111.5,42,33,9,0.786,113.1,22.61,214.3,0.943,24.6,0.103,16.054,1.2006,19.276
ATHLETE_028,jumping_jack,70.7,174.1,49,male,46.9,19,13,6,0.684,125.9,24.3,205.9,1.05,4.2,0.519,6.758,1.179,7.967
ATHLETE_028,pushup,70.7,174.1,49,male,49.3,18,14,4,0.778,94.2,21.89,232.0,0.857,86.2,0.064,7.108,1.1933,8.482
ATHLETE_028,pushup,70.7,174.1,49,male,79.8,30,20,10,0.667,118.0,22.55,167.9,1.073,90.2,0.05,11.499,1.0321,11.868
ATHLETE_028,pushup,70.7,174.1,49,male,78.9,32,23,9,0.719,92.5,24.34,207.0,0.841,83.8,0.265,11.363,1.0761,12.227
ATHLETE_028,squat,70.7,174.1,49,male,67.7,19,13,6,0.684,94.0,16.83,220.6,0.854,0.0,0.168,7.926,1.0548,8.361
ATHLETE_028,jumping_jack,70.7,174.1,49,male,143.2,48,36,12,0.75,68.3,20.11,205.9,0.569,17.8,0.223,20.627,1.0184,21.007
ATHLETE_028,pushup,70.7,174.1,49,male,180.9,75,53,22,0.707,87.0,24.88,221.1,0.791,88.8,0.157,26.056,1.1224,29.245
ATHLETE_028,jumping_jack,70.7,174.1,49,male,159.5,45,36,9,0.8,119.3,16.93,112.7,0.994,33.0,0.69,22.974,0.9349,21.478
ATHLETE_028,pushup,70.7,174.1,49,male,199.5,66,53,13,0.803,114.0,19.85,205.0,1.036,88.5,0.364,28.73,1.1752,33.764
ATHLETE_028,squat,70.7,174.1,49,male,131.8,44,35,9,0.795,126.6,20.02,203.9,1.151,24.7,0.207,15.429,1.1956,18.447
ATHLETE_028,squat,70.7,174.1,49,male,192.9,57,38,19,0.667,84.3,17.73,173.5,0.766,22.8,0.061,22.581,0.938,21.18
ATHLETE_028,jumping_jack,70.7,174.1,49,male,100.9,34,27,7,0.794,121.0,20.21,221.7,1.009,18.8,0.069,14.537,1.2114,17.611
ATHLETE_028,jumping_jack,70.7,174.1,49,male,91.4,36,28,8,0.778,135.4,23.62,223.4,1.128,3.9,0.05,13.172,1.2513,16.482
ATHLETE_028,squat,70.7,174.1,49,male,205.5,77,62,15,0.805,80.3,22.48,222.0,0.73,21.3,0.283,24.054,1.1204,26.95
ATHLETE_029,squat,86.0,151.5,36,male,222.2,106,69,37,0.651,97.0,28.63,302.5,0.882,21.3,0.073,27.284,1.2205,33.299
ATHLETE_029,jumping_jack,86.0,151.5,36,male,203.8,84,52,32,0.619,141.2,24.74,212.0,1.176,23.0,0.865,30.798,1.2215,37.619
ATHLETE_029,jumping_jack,86.0,151.5,36,male,76.3,28,18,10,0.643,104.8,22.01,296.0,0.873,25.7,0.118,11.537,1.1703,13.503
ATHLETE_029,pushup,86.0,151.5,36,male,108.3,53,35,18,0.66,78.0,29.36,203.2,0.71,87.4,0.109,16.372,1.0915,17.87
ATHLETE_029,jumping_jack,86.0,151.5,36,male,106.7,43,27,16,0.628,117.8,24.19,309.6,0.982,19.7,0.217,16.121,1.2138,19.569
ATHLETE_029,squat,86.0,151.5,36,male,121.7,49,28,21,0.571,103.2,24.15,269.8,0.938,9.7,0.519,14.952,1.1927,17.833
ATHLETE_029,jumping_jack,86.0,151.5,36,male,231.8,96,57,39,0.594,121.0,24.85,269.5,1.008,20.4,0.05,35.038,1.241,43.483
ATHLETE_029,jumping_jack,86.0,151.5,36,male,229.5,82,49,33,0.598,108.6,21.43,285.3,0.905,12.5,0.332,34.695,1.145,39.726
ATHLETE_029,jumping_jack,86.0,151.5,36,male,75.2,34,19,15,0.559,133.8,27.13,217.0,1.115,20.7,0.498,11.366,1.2446,14.146
ATHLETE_029,jumping_jack,86.0,151.5,36,male,45.0,17,10,7,0.588,127.2,22.65,212.9,1.06,24.5,0.107,6.806,1.1738,7.989
ATHLETE_029,jumping_jack,86.0,151.5,36,male,172.7,88,56,32,0.636,104.9,30.57,271.3,0.874,9.3,0.823,26.109,1.2552,32.771
ATHLETE_029,squat,86.0,151.5,36,male,141.8,68,38,30,0.559,104.1,28.76,257.2,0.946,23.0,0.084,17.42,1.2195,21.244
ATHLETE_029,squat,86.0,151.5,36,male,63.5,28,16,12,0.571,98.5,26.46,273.0,0.895,20.2,0.219,7.797,1.1817,9.214
ATHLETE_029,squat,86.0,151.5,36,male,51.4,25,16,9,0.64,90.6,29.2,279.9,0.824,30.0,0.69,6.308,1.2334,7.78
ATHLETE_029,jumping_jack,86.0,151.5,36,male,71.0,25,17,8,0.68,103.7,21.12,201.8,0.864,14.0,0.292,10.735,1.0835,11.63
ATHLETE_029,squat,86.0,151.5,36,male,59.2,30,18,12,0.6,85.3,30.4,254.3,0.776,27.6,0.158,7.272,1.1928,8.674
ATHLETE_029,pushup,86.0,151.5,36,male,45.4,19,12,7,0.632,130.1,25.11,290.2,1.183,95.0,0.05,6.861,1.2751,8.749
ATHLETE_029,jumping_jack,86.0,151.5,36,male,44.3,23,15,8,0.652,139.7,31.14,283.4,1.164,32.2,0.163,6.699,1.3354,8.945
ATHLETE_029,jumping_jack,86.0,151.5,36,male,226.2,83,52,31,0.627,103.1,22.02,252.3,0.859,23.1,0.05,34.185,1.1326,38.717
ATHLETE_029,pushup,86.0,151.5,36,male,115.3,59,36,23,0.61,100.8,30.71,325.1,0.916,79.6,0.194,17.424,1.2357,21.532
ATHLETE_029,pushup,86.0,151.5,36,male,103.7,37,24,13,0.649,82.5,21.4,229.1,0.75,74.5,1.2,15.679,1.1461,17.969
ATHLETE_029,squat,86.0,151.5,36,male,22.4,8,5,3,0.625,125.8,21.42,284.4,1.144,26.7,0.408,2.752,1.2344,3.397
ATHLETE_029,pushup,86.0,151.5,36,male,140.0,53,32,21,0.604,101.2,22.71,301.1,0.92,87.4,0.075,21.162,1.2147,25.706
ATHLETE_029,squat,86.0,151.5,36,male,215.8,109,65,44,0.596,101.9,30.31,270.7,0.927,24.2,0.05,26.502,1.2764,33.826
ATHLETE_029,jumping_jack,86.0,151.5,36,male,223.6,94,61,33,0.649,147.5,25.22,276.4,1.229,30.2,0.159,33.801,1.3163,44.491
ATHLETE_029,pushup,86.0,151.5,36,male,149.7,71,43,28,0.606,72.3,28.46,246.3,0.658,82.6,1.153,22.622,1.1533,26.09
ATHLETE_029,pushup,86.0,151.5,36,male,131.7,58,39,19,0.672,108.1,26.42,277.1,0.983,88.2,0.089,19.909,1.2089,24.068
ATHLETE_029,jumping_jack,86.0,151.5,36,male,159.3,72,46,26,0.639,140.8,27.12,250.1,1.174,29.3,0.109,24.075,1.31,31.539
ATHLETE_029,jumping_jack,86.0,151.5,36,male,25.5,10,6,4,0.6,110.9,23.54,235.5,0.924,24.8,0.712,3.853,1.177,4.536
ATHLETE_029,jumping_jack,86.0,151.5,36,male,37.9,17,10,7,0.588,112.2,26.94,268.1,0.935,23.2,0.084,5.723,1.2071,6.908
ATHLETE_029,jumping_jack,86.0,151.5,36,male,32.9,12,8,4,0.667,145.5,21.89,246.6,1.213,23.3,0.453,4.971,1.2546,6.237
ATHLETE_029,squat,86.0,151.5,36,male,146.5,55,33,22,0.6,100.4,22.52,262.0,0.913,27.9,0.394,17.994,1.1853,21.329
ATHLETE_029,jumping_jack,86.0,151.5,36,male,108.2,53,32,21,0.604,111.5,29.39,277.3,0.929,31.0,0.276,16.355,1.2388,20.259
ATHLETE_029,squat,86.0,151.5,36,male,31.7,13,7,6,0.538,110.1,24.58,292.8,1.001,24.4,0.643,3.897,1.1687,4.555
ATHLETE_029,squat,86.0,151.5,36,male,228.8,101,63,38,0.624,101.3,26.49,287.7,0.921,10.6,0.166,28.095,1.2157,34.154
ATHLETE_029,jumping_jack,86.0,151.5,36,male,51.0,24,16,8,0.667,141.6,28.22,281.5,1.18,34.8,1.2,7.714,1.3528,10.436
ATHLETE_029,squat,86.0,151.5,36,male,218.3,82,49,33,0.598,143.0,22.54,272.9,1.3,26.7,0.05,26.806,1.2907,34.598
ATHLETE_029,squat,86.0,151.5,36,male,36.1,15,8,7,0.533,96.6,24.95,270.9,0.878,33.8,0.646,4.43,1.1924,5.282
ATHLETE_029,squat,86.0,151.5,36,male,187.4,84,49,35,0.583,102.4,26.89,192.7,0.931,11.0,0.144,23.019,1.0705,24.641
ATHLETE_029,pushup,86.0,151.5,36,male,211.3,91,60,31,0.659,88.9,25.83,266.4,0.808,78.4,0.205,31.946,1.2096,38.64
ATHLETE_030,squat,56.6,164.3,20,female,75.2,23,18,5,0.783,127.6,18.36,202.9,1.16,15.7,0.537,7.533,1.1573,8.718
ATHLETE_030,pushup,56.6,164.3,20,female,231.5,57,42,15,0.737,114.2,14.77,185.9,1.038,79.5,0.422,28.559,1.0311,29.448
ATHLETE_030,squat,56.6,164.3,20,female,164.4,42,33,9,0.786,125.3,15.33,142.6,1.139,11.8,0.05,16.474,0.9575,15.774
ATHLETE_030,pushup,56.6,164.3,20,female,204.5,62,49,13,0.79,95.6,18.2,202.3,0.869,78.2,0.421,25.22,1.0354,26.113
ATHLETE_030,jumping_jack,56.6,164.3,20,female,141.4,34,23,11,0.676,75.5,14.43,154.3,0.629,25.8,0.846,17.441,0.8413,14.673
ATHLETE_030,jumping_jack,56.6,164.3,20,female,51.9,15,10,5,0.667,121.9,17.33,189.3,1.016,24.9,0.05,6.404,1.0625,6.805
ATHLETE_030,squat,56.6,164.3,20,female,131.0,40,32,8,0.8,103.4,18.32,151.6,0.94,36.0,0.118,13.131,0.9683,12.715
ATHLETE_030,pushup,56.6,164.3,20,female,99.0,27,18,9,0.667,113.4,16.36,165.8,1.031,91.2,1.2,12.215,0.9799,11.969
ATHLETE_030,jumping_jack,56.6,164.3,20,female,221.0,52,35,17,0.673,133.7,14.12,123.2,1.114,8.4,0.066,27.265,0.8948,24.396
ATHLETE_030,jumping_jack,56.6,164.3,20,female,155.7,42,29,13,0.69,105.2,16.18,139.3,0.876,5.9,1.032,19.208,0.8864,17.026
ATHLETE_030,pushup,56.6,164.3,20,female,46.0,13,8,5,0.615,132.1,16.94,148.0,1.201,80.6,0.7,5.68,0.9661,5.488
ATHLETE_030,pushup,56.6,164.3,20,female,29.9,6,4,2,0.667,79.3,12.05,247.7,0.721,85.3,0.379,3.686,1.0506,3.873
ATHLETE_030,squat,56.6,164.3,20,female,159.9,50,41,9,0.82,126.4,18.76,102.6,1.149,13.5,0.081,16.029,1.0265,16.454
ATHLETE_030,pushup,56.6,164.3,20,female,163.5,37,27,10,0.73,94.5,13.58,178.2,0.859,91.5,0.05,20.162,0.9768,19.694
ATHLETE_030,squat,56.6,164.3,20,female,234.3,55,43,12,0.782,77.4,14.09,176.3,0.704,19.9,0.183,23.479,0.9057,21.266
ATHLETE_030,pushup,56.6,164.3,20,female,124.6,32,25,7,0.781,129.2,15.42,206.0,1.174,77.0,0.136,15.364,1.1697,17.971
ATHLETE_030,jumping_jack,56.6,164.3,20,female,150.2,37,30,7,0.811,120.1,14.78,182.6,1.001,19.4,0.492,18.523,1.0234,18.957
ATHLETE_030,pushup,56.6,164.3,20,female,107.8,29,23,6,0.793,136.5,16.13,164.5,1.241,86.3,0.1,13.303,1.0288,13.686
ATHLETE_030,jumping_jack,56.6,164.3,20,female,118.5,33,25,8,0.758,139.8,16.72,163.6,1.165,17.0,0.087,14.611,1.0136,14.81
ATHLETE_030,pushup,56.6,164.3,20,female,143.6,41,32,9,0.78,118.2,17.14,174.3,1.075,86.8,0.197,17.708,1.0685,18.921
ATHLETE_030,pushup,56.6,164.3,20,female,200.0,43,35,8,0.814,102.4,12.9,114.4,0.931,82.3,0.227,24.671,0.902,22.255
ATHLETE_030,squat,56.6,164.3,20,female,239.4,71,50,21,0.704,119.7,17.8,118.4,1.088,21.4,0.262,23.992,0.9701,23.276
ATHLETE_030,jumping_jack,56.6,164.3,20,female,31.4,6,4,2,0.667,105.9,11.47,147.0,0.883,20.8,0.295,3.871,0.8443,3.268
ATHLETE_030,pushup,56.6,164.3,20,female,190.1,52,35,17,0.673,136.0,16.41,107.4,1.236,82.5,0.097,23.453,0.9711,22.775
ATHLETE_030,squat,56.6,164.3,20,female,56.2,12,8,4,0.667,114.6,12.8,185.0,1.042,20.5,0.05,5.637,1.0291,5.801
ATHLETE_030,jumping_jack,56.6,164.3,20,female,159.5,48,34,14,0.708,118.2,18.06,132.9,0.985,4.7,0.262,19.673,0.8976,17.659
ATHLETE_030,jumping_jack,56.6,164.3,20,female,33.9,10,7,3,0.7,125.0,17.72,149.6,1.041,22.6,0.29,4.178,0.9741,4.069
ATHLETE_030,pushup,56.6,164.3,20,female,109.6,30,23,7,0.767,117.5,16.42,111.7,1.068,89.3,0.229,13.521,0.9631,13.022
ATHLETE_030,pushup,56.6,164.3,20,female,193.6,44,30,14,0.682,105.3,13.63,155.3,0.957,71.8,0.343,23.887,0.9063,21.648
ATHLETE_030,pushup,56.6,164.3,20,female,73.0,16,12,4,0.75,93.3,13.14,146.4,0.848,87.9,0.05,9.009,0.8697,7.835
ATHLETE_030,jumping_jack,56.6,164.3,20,female,46.2,14,11,3,0.786,112.7,18.2,180.6,0.939,29.3,0.151,5.693,1.0694,6.088
ATHLETE_030,jumping_jack,56.6,164.3,20,female,47.3,12,8,4,0.667,107.2,15.23,155.0,0.893,22.5,0.05,5.83,0.929,5.417
ATHLETE_030,jumping_jack,56.6,164.3,20,female,234.5,67,49,18,0.731,132.5,17.14,189.5,1.104,19.0,0.197,28.923,1.1206,32.411
ATHLETE_030,squat,56.6,164.3,20,female,111.2,34,26,8,0.765,109.0,18.34,192.7,0.991,20.7,0.097,11.15,1.0657,11.882
ATHLETE_030,squat,56.6,164.3,20,female,201.1,48,32,16,0.667,104.0,14.32,147.2,0.946,26.2,0.292,20.152,0.8855,17.844
ATHLETE_030,jumping_jack,56.6,164.3,20,female,116.8,29,22,7,0.759,147.8,14.9,167.0,1.232,13.3,0.106,14.408,1.0278,14.808
ATHLETE_030,squat,56.6,164.3,20,female,223.4,67,48,19,0.716,110.6,17.99,101.4,1.005,27.1,0.656,22.392,0.9447,21.152
ATHLETE_030,pushup,56.6,164.3,20,female,39.3,11,7,4,0.636,108.8,16.77,124.5,0.989,86.0,0.277,4.854,0.9136,4.435
ATHLETE_030,pushup,56.6,164.3,20,female,117.6,28,21,7,0.75,99.3,14.28,193.5,0.903,83.1,0.18,14.511,1.0439,15.147
ATHLETE_030,pushup,56.6,164.3,20,female,221.7,58,41,17,0.707,88.5,15.69,164.0,0.804,95.0,0.113,27.353,0.8926,24.416
